INSERT INTO `fullerton`.`account` (`name`, `username`, `active`, `role_id`, `email_id`, `mobile`, `password`) VALUES ('nitish', 'nitishspatel', b'1', '1', 'nitishspatel@gmail.com', '1212121212', '$2a$10$J1jWCA4uHXjj9u2i8rHRN.aJUc0JtUOhxS.i7qC5YOBFORgPaPCmO');

INSERT INTO `fullerton`.`role` (`name`, `active`) VALUES ('ROLE_SUPER_ADMIN', b'1');
INSERT INTO `fullerton`.`role` (`name`, `active`) VALUES ('ROLE_PRODUCT_ADMIN', b'1');
INSERT INTO `fullerton`.`role` (`name`, `active`) VALUES ('ROLE_CALL_CENTER_AGENT', b'1');

INSERT INTO `fullerton`.`application_status` (`id`, `status`, `detail`, `active`) VALUES ('1231', 'Quick Data Entry', 'Your loan application is received and is being processed further by our internal teams', b'1');
INSERT INTO `fullerton`.`application_status` (`id`, `status`, `detail`, `active`) VALUES ('1233', 'Dedupe Referral', 'Your loan application is received and is being processed further by our internal teams', b'1');
INSERT INTO `fullerton`.`application_status` (`id`, `status`, `detail`, `active`) VALUES ('1234', 'Bureau Referral', 'Your loan application is received and is being processed further by our internal teams', b'1');
INSERT INTO `fullerton`.`application_status` (`id`, `status`, `detail`, `active`) VALUES ('1235', 'FI Initiation', 'Your loan application is received and is being processed further by our internal teams', b'1');
INSERT INTO `fullerton`.`application_status` (`id`, `status`, `detail`, `active`) VALUES ('1228', 'FI Verification Detail', 'Your loan application is received and is being processed further by our internal teams', b'1');
INSERT INTO `fullerton`.`application_status` (`id`, `status`, `detail`, `active`) VALUES ('1224', 'FI Completion', 'Your loan application is received and is being processed further by our internal teams', b'1');
INSERT INTO `fullerton`.`application_status` (`id`, `status`, `detail`, `active`) VALUES ('1238', 'Detail Data Entry', 'Your loan application is received and is being processed further by our internal teams', b'1');
INSERT INTO `fullerton`.`application_status` (`id`, `status`, `detail`, `active`) VALUES ('1239', 'Financial Analysis', 'Your loan application is received and is being processed further by our internal teams', b'1');
INSERT INTO `fullerton`.`application_status` (`id`, `status`, `detail`, `active`) VALUES ('1240', 'Underwriting', 'Your loan application is being worked / vetted by our credit officer', b'1');
INSERT INTO `fullerton`.`application_status` (`id`, `status`, `detail`, `active`) VALUES ('1241', 'Pre Disbursal Document Verification', 'Your loan application is being worked / vetted by our credit officer', b'1');
INSERT INTO `fullerton`.`application_status` (`id`, `status`, `detail`, `active`) VALUES ('1242', 'Post Sanc Doc', 'Your loan application is being worked / vetted by our credit officer', b'1');
INSERT INTO `fullerton`.`application_status` (`id`, `status`, `detail`, `active`) VALUES ('1243', 'Disbursal Detail', 'Your loan application is approved by our backend team. Loan amount sanction is in process', b'1');
INSERT INTO `fullerton`.`application_status` (`id`, `status`, `detail`, `active`) VALUES ('1244', 'Disbursal Initiation', 'Your loan application is approved by our backend team. Loan amount sanction is in process', b'1');
INSERT INTO `fullerton`.`application_status` (`id`, `status`, `detail`, `active`) VALUES ('1227', 'End', 'Congratulations, your loan amount has been credited to your account', b'1');
INSERT INTO `fullerton`.`application_status` (`id`, `status`, `detail`, `active`) VALUES ('1229', 'Hold Queue', 'Your loan application is under processing and our backend team will come back to you', b'1');
INSERT INTO `fullerton`.`application_status` (`id`, `status`, `detail`, `active`) VALUES ('1230', 'Reject Review', 'Sorry, we are not able to offer you loan basis our internal criteria', b'1');
INSERT INTO `fullerton`.`application_status` (`id`, `status`, `detail`, `active`) VALUES ('1222', 'Cancel', 'Sorry, we are not able to offer you loan basis our internal criteria', b'1');
INSERT INTO `fullerton`.`application_status` (`id`, `status`, `detail`, `active`) VALUES ('161', 'In-Process', 'Your loan application is received and is being processed further by our internal teams', b'1');
INSERT INTO `fullerton`.`application_status` (`id`, `status`, `detail`, `active`) VALUES ('132', 'AIP rejected', 'Sorry, we are not able to offer you loan basis our internal criteria', b'1');


INSERT INTO `fullerton`.`residence_type` (`name`, `active`) VALUES ('COMPANY LEASED OR ALLOTED', b'1');
INSERT INTO `fullerton`.`residence_type` (`name`, `active`) VALUES ('JOINTLY OWNED', b'1');
INSERT INTO `fullerton`.`residence_type` (`name`, `active`) VALUES ('OWNED', b'1');
INSERT INTO `fullerton`.`residence_type` (`name`, `active`) VALUES ('PAGADI', b'1');
INSERT INTO `fullerton`.`residence_type` (`name`, `active`) VALUES ('PARENTAL OWNED', b'1');
INSERT INTO `fullerton`.`residence_type` (`name`, `active`) VALUES ('RENTED', b'1');
INSERT INTO `fullerton`.`residence_type` (`name`, `active`) VALUES ('SHARED ACCOMODATION', b'1');



INSERT INTO `fullerton`.`gender` (`name`, `active`) VALUES ('Male', b'1');
INSERT INTO `fullerton`.`gender` (`name`, `active`) VALUES ('Female', b'1');

INSERT INTO `fullerton`.`marrital_status` (`name`, `active`) VALUES ('SINGLE', b'1');
INSERT INTO `fullerton`.`marrital_status` (`name`, `active`) VALUES ('MARRIED', b'1');
INSERT INTO `fullerton`.`marrital_status` (`name`, `active`) VALUES ('DIVORCED', b'1');
INSERT INTO `fullerton`.`marrital_status` (`name`, `active`) VALUES ('WIDOWED', b'1');
INSERT INTO `fullerton`.`marrital_status` (`name`, `active`) VALUES ('SEPARATED', b'1');


INSERT INTO `fullerton`.`territory` (`name`, `active`) VALUES ('India', b'1');

INSERT INTO `fullerton`.`state` (`id`, `name`, `active`, `territory_id`) VALUES ('1', 'Andhra Pradesh', b'1',1);
INSERT INTO `fullerton`.`state` (`id`, `name`, `active`, `territory_id`) VALUES ('2', 'Delhi', b'1',1);
INSERT INTO `fullerton`.`state` (`id`, `name`, `active`, `territory_id`) VALUES ('5', 'Gujarat', b'1',1);
INSERT INTO `fullerton`.`state` (`id`, `name`, `active`, `territory_id`) VALUES ('6', 'Karnataka', b'1',1);
INSERT INTO `fullerton`.`state` (`id`, `name`, `active`, `territory_id`) VALUES ('9', 'Maharashtra', b'1',1);
INSERT INTO `fullerton`.`state` (`id`, `name`, `active`, `territory_id`) VALUES ('11', 'Mumbai', b'1',1);
INSERT INTO `fullerton`.`state` (`id`, `name`, `active`, `territory_id`) VALUES ('13', 'Punjab & HP', b'1',1);
INSERT INTO `fullerton`.`state` (`id`, `name`, `active`, `territory_id`) VALUES ('14', 'Rajasthan', b'1',1);
INSERT INTO `fullerton`.`state` (`id`, `name`, `active`, `territory_id`) VALUES ('17', 'Tamil Nadu', b'1',1);
INSERT INTO `fullerton`.`state` (`id`, `name`, `active`, `territory_id`) VALUES ('18', 'Tamil Nadu + Kerala', b'1',1);
INSERT INTO `fullerton`.`state` (`id`, `name`, `active`, `territory_id`) VALUES ('19', 'UP UK', b'1',1);
INSERT INTO `fullerton`.`state` (`id`, `name`, `active`, `territory_id`) VALUES ('21', 'Andaman Nicobar', b'1',1);
INSERT INTO `fullerton`.`state` (`id`, `name`, `active`, `territory_id`) VALUES ('22', 'Arunachal Pradesh', b'1',1);
INSERT INTO `fullerton`.`state` (`id`, `name`, `active`, `territory_id`) VALUES ('23', 'Assam', b'1',1);
INSERT INTO `fullerton`.`state` (`id`, `name`, `active`, `territory_id`) VALUES ('24', 'Bihar', b'1',1);
INSERT INTO `fullerton`.`state` (`id`, `name`, `active`, `territory_id`) VALUES ('25', 'Chandigarh', b'1',1);
INSERT INTO `fullerton`.`state` (`id`, `name`, `active`, `territory_id`) VALUES ('26', 'Chhattisgarh', b'1',1);
INSERT INTO `fullerton`.`state` (`id`, `name`, `active`, `territory_id`) VALUES ('27', 'Dadra and Nagar Haveli', b'1',1);
INSERT INTO `fullerton`.`state` (`id`, `name`, `active`, `territory_id`) VALUES ('28', 'Goa', b'1',1);
INSERT INTO `fullerton`.`state` (`id`, `name`, `active`, `territory_id`) VALUES ('29', 'Haryana', b'1',1);
INSERT INTO `fullerton`.`state` (`id`, `name`, `active`, `territory_id`) VALUES ('30', 'Himachal Pradesh', b'1',1);
INSERT INTO `fullerton`.`state` (`id`, `name`, `active`, `territory_id`) VALUES ('31', 'Jammu and Kashmir', b'1',1);
INSERT INTO `fullerton`.`state` (`id`, `name`, `active`, `territory_id`) VALUES ('32', 'Jharkhand', b'1',1);
INSERT INTO `fullerton`.`state` (`id`, `name`, `active`, `territory_id`) VALUES ('33', 'Kerala', b'1',1);
INSERT INTO `fullerton`.`state` (`id`, `name`, `active`, `territory_id`) VALUES ('34', 'Lakshdweep', b'1',1);
INSERT INTO `fullerton`.`state` (`id`, `name`, `active`, `territory_id`) VALUES ('35', 'Madhya Pradesh', b'1',1);
INSERT INTO `fullerton`.`state` (`id`, `name`, `active`, `territory_id`) VALUES ('36', 'Manipur', b'1',1);
INSERT INTO `fullerton`.`state` (`id`, `name`, `active`, `territory_id`) VALUES ('37', 'Meghalaya', b'1',1);
INSERT INTO `fullerton`.`state` (`id`, `name`, `active`, `territory_id`) VALUES ('38', 'Mizoram', b'1',1);
INSERT INTO `fullerton`.`state` (`id`, `name`, `active`, `territory_id`) VALUES ('39', 'Nagaland', b'1',1);
INSERT INTO `fullerton`.`state` (`id`, `name`, `active`, `territory_id`) VALUES ('40', 'Orissa', b'1',1);
INSERT INTO `fullerton`.`state` (`id`, `name`, `active`, `territory_id`) VALUES ('41', 'Pondicherry', b'1',1);
INSERT INTO `fullerton`.`state` (`id`, `name`, `active`, `territory_id`) VALUES ('42', 'Punjab', b'1',1);
INSERT INTO `fullerton`.`state` (`id`, `name`, `active`, `territory_id`) VALUES ('43', 'Sikkim', b'1',1);
INSERT INTO `fullerton`.`state` (`id`, `name`, `active`, `territory_id`) VALUES ('44', 'Tripura', b'1',1);
INSERT INTO `fullerton`.`state` (`id`, `name`, `active`, `territory_id`) VALUES ('45', 'Uttar Pradesh', b'1',1);
INSERT INTO `fullerton`.`state` (`id`, `name`, `active`, `territory_id`) VALUES ('46', 'Uttaranchal', b'1',1);
INSERT INTO `fullerton`.`state` (`id`, `name`, `active`, `territory_id`) VALUES ('47', 'West Bengal', b'1',1);
INSERT INTO `fullerton`.`state` (`id`, `name`, `active`, `territory_id`) VALUES ('48', 'Others', b'1',1);
INSERT INTO `fullerton`.`state` (`id`, `name`, `active`, `territory_id`) VALUES ('49', 'Telangana', b'1',1);
INSERT INTO `fullerton`.`state` (`id`, `name`, `active`, `territory_id`) VALUES ('50', 'Daman and Diu', b'1',1);
INSERT INTO `fullerton`.`state` (`id`, `name`, `active`, `territory_id`) VALUES ('51', 'UTTRAKHAND', b'1',1);

INSERT INTO `fullerton`.`loan_duration` (`active`, `min`, `max`) VALUES (b'1',12,36);


INSERT INTO `fullerton`.`profession` (`name`, `active`,`loan_duration_id`) VALUES ('Doctor', b'1',1);



INSERT INTO `fullerton`.`qualification` (`name`, `active`,`profession_id`) VALUES ('BDS', b'1',1);
INSERT INTO `fullerton`.`qualification` (`name`, `active`,`profession_id`) VALUES ('MBBS', b'1',1);
INSERT INTO `fullerton`.`qualification` (`name`, `active`,`profession_id`) VALUES ('MD', b'1',1);
INSERT INTO `fullerton`.`qualification` (`name`, `active`,`profession_id`) VALUES ('MS', b'1',1);
INSERT INTO `fullerton`.`qualification` (`name`, `active`,`profession_id`) VALUES ('DM', b'1',1);
INSERT INTO `fullerton`.`qualification` (`name`, `active`,`profession_id`) VALUES ('DNB', b'1',1);
INSERT INTO `fullerton`.`qualification` (`name`, `active`,`profession_id`) VALUES ('MCH', b'1',1);
INSERT INTO `fullerton`.`qualification` (`name`, `active`,`profession_id`) VALUES ('FNB', b'1',1);

INSERT INTO `fullerton`.`tier` (`name`, `min_fees`, `max_fees`, `active`) VALUES ('Metro', '1.5', '18', b'1');
INSERT INTO `fullerton`.`tier` (`name`, `min_fees`, `max_fees`, `active`) VALUES ('Tier 1', '1.5', '18', b'1');
INSERT INTO `fullerton`.`tier` (`name`, `min_fees`, `max_fees`, `active`) VALUES ('Tier 2', '2', '18', b'1');
INSERT INTO `fullerton`.`tier` (`name`, `min_fees`, `max_fees`, `active`) VALUES ('Tier 3', '2', '18', b'1');
INSERT INTO `fullerton`.`tier` (`name`, `min_fees`, `max_fees`, `active`) VALUES ('Tier 4', '2', '18', b'1');

INSERT INTO `fullerton`.`document_type` (`name`, `active`) VALUES ('ID Proof', b'1');
INSERT INTO `fullerton`.`document_type` (`name`, `active`) VALUES ('Address Proof', b'1');
INSERT INTO `fullerton`.`document_type` (`name`, `active`) VALUES ('Income Proof', b'1');
INSERT INTO `fullerton`.`document_type` (`name`, `active`) VALUES ('Employment Proof', b'1');
INSERT INTO `fullerton`.`document_type` (`name`, `active`) VALUES ('Photo Proof', b'1');
INSERT INTO `fullerton`.`document_type` (`name`, `active`) VALUES ('Marriage Proof', b'1');
INSERT INTO `fullerton`.`document_type` (`name`, `active`) VALUES ('Cancelled Check', b'1');


INSERT INTO `fullerton`.`document` (`id`, `name`, `active`) VALUES ('146', 'PAN CARD', b'1');
INSERT INTO `fullerton`.`document` (`id`, `name`, `active`) VALUES ('183', 'RATION CARD', b'1');
INSERT INTO `fullerton`.`document` (`id`, `name`, `active`) VALUES ('23', 'BANK STATEMENTS', b'1');
INSERT INTO `fullerton`.`document` (`id`, `name`, `active`) VALUES ('1', 'AADHAAR CARD', b'1');
INSERT INTO `fullerton`.`document` (`id`, `name`, `active`) VALUES ('234', 'TELEPHONE BILL', b'1');
INSERT INTO `fullerton`.`document` (`id`, `name`, `active`) VALUES ('60', 'ELECTRICITY BILL', b'1');
INSERT INTO `fullerton`.`document` (`id`, `name`, `active`) VALUES ('2', 'RENTAL AGREEMENT', b'1');
INSERT INTO `fullerton`.`document` (`id`, `name`, `active`) VALUES ('151', 'PASSPORT', b'1');
INSERT INTO `fullerton`.`document` (`id`, `name`, `active`) VALUES ('4', 'BANK PASSBOOK', b'1');
INSERT INTO `fullerton`.`document` (`id`, `name`, `active`) VALUES ('56', 'DRIVING LICENSE', b'1');
INSERT INTO `fullerton`.`document` (`id`, `name`, `active`) VALUES ('584', 'PERFIOS', b'1');
INSERT INTO `fullerton`.`document` (`id`, `name`, `active`) VALUES ('18', 'PROFILE PICTURE', b'1');
INSERT INTO `fullerton`.`document` (`id`, `name`, `active`) VALUES ('599', 'TBD', b'1');
INSERT INTO `fullerton`.`document` (`id`, `name`, `active`) VALUES ('248', 'VOTER ID', b'1'); 
INSERT INTO `fullerton`.`document` (`id`, `name`, `active`) VALUES ('195', 'SALARY SLIP',  b'1');
INSERT INTO `fullerton`.`document` (`id`, `name`, `active`) VALUES ('33', 'CANCELLED CHECK', b'1');
INSERT INTO `fullerton`.`document` (`id`, `name`, `active`) VALUES ('610', 'ID PROOF', b'1');
INSERT INTO `fullerton`.`document` (`id`, `name`, `active`) VALUES ('611', 'ADDRESS PROOF', b'1');


INSERT INTO `fullerton`.`document_type_has_document` (`document_type_id`, `document_id`) VALUES ('1', '146');
INSERT INTO `fullerton`.`document_type_has_document` (`document_type_id`, `document_id`) VALUES ('2', '183');
INSERT INTO `fullerton`.`document_type_has_document` (`document_type_id`, `document_id`) VALUES ('3', '23');
INSERT INTO `fullerton`.`document_type_has_document` (`document_type_id`, `document_id`) VALUES ('4', '23');
INSERT INTO `fullerton`.`document_type_has_document` (`document_type_id`, `document_id`) VALUES ('1', '1');
INSERT INTO `fullerton`.`document_type_has_document` (`document_type_id`, `document_id`) VALUES ('2', '234');
INSERT INTO `fullerton`.`document_type_has_document` (`document_type_id`, `document_id`) VALUES ('2', '60');
INSERT INTO `fullerton`.`document_type_has_document` (`document_type_id`, `document_id`) VALUES ('2', '2');
INSERT INTO `fullerton`.`document_type_has_document` (`document_type_id`, `document_id`) VALUES ('2', '151');
INSERT INTO `fullerton`.`document_type_has_document` (`document_type_id`, `document_id`) VALUES ('2', '23');
INSERT INTO `fullerton`.`document_type_has_document` (`document_type_id`, `document_id`) VALUES ('2', '56');
INSERT INTO `fullerton`.`document_type_has_document` (`document_type_id`, `document_id`) VALUES ('3', '584');
INSERT INTO `fullerton`.`document_type_has_document` (`document_type_id`, `document_id`) VALUES ('5', '18');
INSERT INTO `fullerton`.`document_type_has_document` (`document_type_id`, `document_id`) VALUES ('6', '599');
INSERT INTO `fullerton`.`document_type_has_document` (`document_type_id`, `document_id`) VALUES ('1', '151');
INSERT INTO `fullerton`.`document_type_has_document` (`document_type_id`, `document_id`) VALUES ('1', '248');
INSERT INTO `fullerton`.`document_type_has_document` (`document_type_id`, `document_id`) VALUES ('1', '56');
INSERT INTO `fullerton`.`document_type_has_document` (`document_type_id`, `document_id`) VALUES ('4', '195');
INSERT INTO `fullerton`.`document_type_has_document` (`document_type_id`, `document_id`) VALUES ('7', '33');
INSERT INTO `fullerton`.`document_type_has_document` (`document_type_id`, `document_id`) VALUES ('1', '610');
INSERT INTO `fullerton`.`document_type_has_document` (`document_type_id`, `document_id`) VALUES ('2', '611');


INSERT INTO `fullerton`.`sms_template` (`id`, `name`, `body`, `active`) VALUES ('1', 'OTP message', 'XXXXX is the OTP for your personal loan application with Fullerton India. If you have not applied, please call on XXXXXXXXXX. *TCA', b'1');
INSERT INTO `fullerton`.`sms_template` (`id`, `name`, `body`, `active`) VALUES ('2', 'Approval in Principal (Green)', 'Thank you for applying with Fullerton India. Your Personal Loan application is approved in principle* for Rs @@amt@@. Your reference number is @@refno@@. *TCA. Track your Application Status: @@status@@', b'1');
INSERT INTO `fullerton`.`sms_template` (`id`, `name`, `body`, `active`) VALUES ('3', 'Approval in Principal (Amber)', 'Thank you for applying with Fullerton India. Your Personal Loan application has been submitted for further processing*. Your reference number is @@refno@@.TCA.  Track your Application Status: https://goo.gl/TajbzQ.', b'1');
INSERT INTO `fullerton`.`sms_template` (`id`, `name`, `body`, `active`) VALUES ('4', 'Approval in Principal (Red)', 'Thank you for applying with Fullerton India. We regret to inform, your application did not meet internal criteria. *TCA. Track your Application Status: https://goo.gl/TajbzQ.', b'1');
INSERT INTO `fullerton`.`sms_template` (`id`, `name`, `body`, `active`) VALUES ('5', 'Final Reject SMS ', 'Thank you for applying with Fullerton India. We regret not being able to offer you a loan basis the information and documents provided by you currently. Track your Application Status : https://goo.gl/TajbzQ.', b'1');
INSERT INTO `fullerton`.`sms_template` (`id`, `name`, `body`, `active`) VALUES ('6', 'Customer drops off on  portal before page 3 submit and after OTP confirmation', 'Dear @@consumer name@@, your application for Fullerton India PL is incomplete. We will call you to assist in completing your loan application. Fullerton India. Track your Application Status : https://goo.gl/TajbzQ.', b'1');
INSERT INTO `fullerton`.`sms_template` (`id`, `name`, `body`, `active`) VALUES ('7', 'AIP not done intimation', '@@Name@@ Thank you for applying. We regret, your application could not be completed due to technical reasons. Our representative will call you shortly. *TCA. Track your Application Status : https://goo.gl/TajbzQ.', b'1');
INSERT INTO `fullerton`.`sms_template` (`id`, `name`, `body`, `active`) VALUES ('8', 'resume your application - session downtime', 'Dear @@consumer name@@, We have not received your complete application. Just a step remaining for your application, we have sent your application link to @@customer email@@ , which will take you right from the point it was left! Fullerton India Personal loan. Track your Application Status : https://goo.gl/TajbzQ.', b'1');
INSERT INTO `fullerton`.`sms_template` (`id`, `name`, `body`, `active`) VALUES ('9', 'resume your application - session downtime', 'Dear @@consumer name@@, resume your application, right from the point it was left ! we have sent your application link to @@consumer email@@. Fullerton India Personal loan. Track your Application Status : https://goo.gl/TajbzQ.', b'1');
INSERT INTO `fullerton`.`sms_template` (`id`, `name`, `body`, `active`) VALUES ('10', 'Customer drop off on  portal - not contactable', 'Dear @@consumer name@@, we tried reaching you to help complete your online application for Fullerton India personal loan. We will call you again soon. Fullerton India. Track your Application Status : https://goo.gl/TajbzQ.', b'1');


INSERT INTO `fullerton`.`city` (id, `name`, `active`,`state_id`,`tier_id`) VALUES (1,'Hyderabad', b'1',1,2);
INSERT INTO `fullerton`.`city` (id, `name`, `active`,`state_id`,`tier_id`) VALUES (2,'Secunderabad', b'1',1,2);
INSERT INTO `fullerton`.`city` (id, `name`, `active`,`state_id`,`tier_id`) VALUES (3,'Anantapur', b'1',1,5);
INSERT INTO `fullerton`.`city` (id, `name`, `active`,`state_id`,`tier_id`) VALUES (4,'Chittoor', b'1',1,5);
INSERT INTO `fullerton`.`city` (id, `name`, `active`,`state_id`,`tier_id`) VALUES (5,'Kammam', b'1',1,5);
INSERT INTO `fullerton`.`city` (id, `name`, `active`,`state_id`,`tier_id`) VALUES (6,'Karnool', b'1',1,5);
INSERT INTO `fullerton`.`city` (id, `name`, `active`,`state_id`,`tier_id`) VALUES (7,'Khammam', b'1',1,5);
INSERT INTO `fullerton`.`city` (id, `name`, `active`,`state_id`,`tier_id`) VALUES (8,'Kottagudem', b'1',1,5);
INSERT INTO `fullerton`.`city` (id, `name`, `active`,`state_id`,`tier_id`) VALUES (9,'Kurnool', b'1',1,5);
INSERT INTO `fullerton`.`city` (id, `name`, `active`,`state_id`,`tier_id`) VALUES (10,'Nellore', b'1',1,5);
INSERT INTO `fullerton`.`city` (id, `name`, `active`,`state_id`,`tier_id`) VALUES (11,'Ongole', b'1',1,5);
INSERT INTO `fullerton`.`city` (id, `name`, `active`,`state_id`,`tier_id`) VALUES (12,'Tirupati', b'1',1,5);
INSERT INTO `fullerton`.`city` (id, `name`, `active`,`state_id`,`tier_id`) VALUES (13,'Eluru', b'1',1,5);
INSERT INTO `fullerton`.`city` (id, `name`, `active`,`state_id`,`tier_id`) VALUES (14,'Guntur', b'1',1,4);
INSERT INTO `fullerton`.`city` (id, `name`, `active`,`state_id`,`tier_id`) VALUES (15,'Machilipatnam', b'1',1,5);
INSERT INTO `fullerton`.`city` (id, `name`, `active`,`state_id`,`tier_id`) VALUES (16,'Palakollu', b'1',1,5);
INSERT INTO `fullerton`.`city` (id, `name`, `active`,`state_id`,`tier_id`) VALUES (17,'Tanuku', b'1',1,5);
INSERT INTO `fullerton`.`city` (id, `name`, `active`,`state_id`,`tier_id`) VALUES (18,'Tenali', b'1',1,5);
INSERT INTO `fullerton`.`city` (id, `name`, `active`,`state_id`,`tier_id`) VALUES (19,'Vijayawada', b'1',1,4);
INSERT INTO `fullerton`.`city` (id, `name`, `active`,`state_id`,`tier_id`) VALUES (20,'Vijaywada', b'1',1,4);
INSERT INTO `fullerton`.`city` (id, `name`, `active`,`state_id`,`tier_id`) VALUES (21,'Anakapalli', b'1',1,5);
INSERT INTO `fullerton`.`city` (id, `name`, `active`,`state_id`,`tier_id`) VALUES (22,'Guntur', b'1',1,4);
INSERT INTO `fullerton`.`city` (id, `name`, `active`,`state_id`,`tier_id`) VALUES (23,'Kakinada', b'1',1,5);
INSERT INTO `fullerton`.`city` (id, `name`, `active`,`state_id`,`tier_id`) VALUES (24,'Nizamabad', b'1',1,5);
INSERT INTO `fullerton`.`city` (id, `name`, `active`,`state_id`,`tier_id`) VALUES (25,'Pithapuram', b'1',1,5);
INSERT INTO `fullerton`.`city` (id, `name`, `active`,`state_id`,`tier_id`) VALUES (26,'Rajahmundry', b'1',1,5);
INSERT INTO `fullerton`.`city` (id, `name`, `active`,`state_id`,`tier_id`) VALUES (27,'Rajamundhry', b'1',1,5);
INSERT INTO `fullerton`.`city` (id, `name`, `active`,`state_id`,`tier_id`) VALUES (28,'Srikakulam', b'1',1,5);
INSERT INTO `fullerton`.`city` (id, `name`, `active`,`state_id`,`tier_id`) VALUES (29,'Visakhapatanam', b'1',1,3);
INSERT INTO `fullerton`.`city` (id, `name`, `active`,`state_id`,`tier_id`) VALUES (30,'Visakhapatnam', b'1',1,3);
INSERT INTO `fullerton`.`city` (id, `name`, `active`,`state_id`,`tier_id`) VALUES (31,'Vizianagaram', b'1',1,5);
INSERT INTO `fullerton`.`city` (id, `name`, `active`,`state_id`,`tier_id`) VALUES (32,'Karimnagar', b'1',1,5);
INSERT INTO `fullerton`.`city` (id, `name`, `active`,`state_id`,`tier_id`) VALUES (33,'Kodad', b'1',1,5);
INSERT INTO `fullerton`.`city` (id, `name`, `active`,`state_id`,`tier_id`) VALUES (34,'Mahbubnagar', b'1',1,5);
INSERT INTO `fullerton`.`city` (id, `name`, `active`,`state_id`,`tier_id`) VALUES (35,'Nizamabad', b'1',1,5);
INSERT INTO `fullerton`.`city` (id, `name`, `active`,`state_id`,`tier_id`) VALUES (36,'Ramagundam', b'1',1,5);
INSERT INTO `fullerton`.`city` (id, `name`, `active`,`state_id`,`tier_id`) VALUES (37,'Warangal', b'1',1,4);
INSERT INTO `fullerton`.`city` (id, `name`, `active`,`state_id`,`tier_id`) VALUES (38,'Delhi', b'1',1,1);
INSERT INTO `fullerton`.`city` (id, `name`, `active`,`state_id`,`tier_id`) VALUES (39,'Faridabad', b'1',1,1);
INSERT INTO `fullerton`.`city` (id, `name`, `active`,`state_id`,`tier_id`) VALUES (40,'Ghaziabad', b'1',1,2);
INSERT INTO `fullerton`.`city` (id, `name`, `active`,`state_id`,`tier_id`) VALUES (41,'Gurgaon', b'1',1,1);
INSERT INTO `fullerton`.`city` (id, `name`, `active`,`state_id`,`tier_id`) VALUES (42,'Mathura', b'1',1,5);
INSERT INTO `fullerton`.`city` (id, `name`, `active`,`state_id`,`tier_id`) VALUES (43,'New Delhi', b'1',1,1);
INSERT INTO `fullerton`.`city` (id, `name`, `active`,`state_id`,`tier_id`) VALUES (44,'Noida', b'1',1,1);
INSERT INTO `fullerton`.`city` (id, `name`, `active`,`state_id`,`tier_id`) VALUES (45,'Bahadurgarh', b'1',1,5);
INSERT INTO `fullerton`.`city` (id, `name`, `active`,`state_id`,`tier_id`) VALUES (46,'Bhiwani', b'1',1,5);
INSERT INTO `fullerton`.`city` (id, `name`, `active`,`state_id`,`tier_id`) VALUES (47,'Hissar', b'1',1,5);
INSERT INTO `fullerton`.`city` (id, `name`, `active`,`state_id`,`tier_id`) VALUES (48,'Karnal', b'1',1,5);
INSERT INTO `fullerton`.`city` (id, `name`, `active`,`state_id`,`tier_id`) VALUES (49,'Kurukshetra', b'1',1,5);
INSERT INTO `fullerton`.`city` (id, `name`, `active`,`state_id`,`tier_id`) VALUES (50,'Panipat', b'1',1,5);
INSERT INTO `fullerton`.`city` (id, `name`, `active`,`state_id`,`tier_id`) VALUES (51,'Rewari', b'1',1,5);
INSERT INTO `fullerton`.`city` (id, `name`, `active`,`state_id`,`tier_id`) VALUES (52,'Rohtak', b'1',1,5);
INSERT INTO `fullerton`.`city` (id, `name`, `active`,`state_id`,`tier_id`) VALUES (53,'Sonipat', b'1',1,5);
INSERT INTO `fullerton`.`city` (id, `name`, `active`,`state_id`,`tier_id`) VALUES (54,'Behrampur', b'1',1,5);
INSERT INTO `fullerton`.`city` (id, `name`, `active`,`state_id`,`tier_id`) VALUES (55,'Bhubaneswar', b'1',1,4);
INSERT INTO `fullerton`.`city` (id, `name`, `active`,`state_id`,`tier_id`) VALUES (56,'Bhubneshwar', b'1',1,4);
INSERT INTO `fullerton`.`city` (id, `name`, `active`,`state_id`,`tier_id`) VALUES (57,'Bokaro', b'1',1,5);
INSERT INTO `fullerton`.`city` (id, `name`, `active`,`state_id`,`tier_id`) VALUES (58,'Cuttack', b'1',1,5);
INSERT INTO `fullerton`.`city` (id, `name`, `active`,`state_id`,`tier_id`) VALUES (59,'Garia', b'1',1,3);
INSERT INTO `fullerton`.`city` (id, `name`, `active`,`state_id`,`tier_id`) VALUES (60,'Jamshedpur', b'1',1,4);
INSERT INTO `fullerton`.`city` (id, `name`, `active`,`state_id`,`tier_id`) VALUES (61,'Kolkata', b'1',1,3);
INSERT INTO `fullerton`.`city` (id, `name`, `active`,`state_id`,`tier_id`) VALUES (62,'Ranchi', b'1',1,5);
INSERT INTO `fullerton`.`city` (id, `name`, `active`,`state_id`,`tier_id`) VALUES (63,'Siliguri', b'1',1,5);
INSERT INTO `fullerton`.`city` (id, `name`, `active`,`state_id`,`tier_id`) VALUES (64,'Ahmedabad', b'1',1,2);
INSERT INTO `fullerton`.`city` (id, `name`, `active`,`state_id`,`tier_id`) VALUES (65,'Bhavnagar', b'1',1,5);
INSERT INTO `fullerton`.`city` (id, `name`, `active`,`state_id`,`tier_id`) VALUES (66,'Naranpura', b'1',1,2);
INSERT INTO `fullerton`.`city` (id, `name`, `active`,`state_id`,`tier_id`) VALUES (67,'Anand', b'1',1,5);
INSERT INTO `fullerton`.`city` (id, `name`, `active`,`state_id`,`tier_id`) VALUES (68,'Ankleshwar', b'1',1,5);
INSERT INTO `fullerton`.`city` (id, `name`, `active`,`state_id`,`tier_id`) VALUES (69,'Bharuch', b'1',1,5);
INSERT INTO `fullerton`.`city` (id, `name`, `active`,`state_id`,`tier_id`) VALUES (70,'Bhavnagar', b'1',1,5);
INSERT INTO `fullerton`.`city` (id, `name`, `active`,`state_id`,`tier_id`) VALUES (71,'Chhani', b'1',1,3);
INSERT INTO `fullerton`.`city` (id, `name`, `active`,`state_id`,`tier_id`) VALUES (72,'Dahod', b'1',1,5);
INSERT INTO `fullerton`.`city` (id, `name`, `active`,`state_id`,`tier_id`) VALUES (73,'Navsari', b'1',1,5);
INSERT INTO `fullerton`.`city` (id, `name`, `active`,`state_id`,`tier_id`) VALUES (74,'Surat', b'1',1,3);
INSERT INTO `fullerton`.`city` (id, `name`, `active`,`state_id`,`tier_id`) VALUES (75,'Vadodara', b'1',1,3);
INSERT INTO `fullerton`.`city` (id, `name`, `active`,`state_id`,`tier_id`) VALUES (76,'Vapi', b'1',1,5);
INSERT INTO `fullerton`.`city` (id, `name`, `active`,`state_id`,`tier_id`) VALUES (77,'Bhuj', b'1',1,5);
INSERT INTO `fullerton`.`city` (id, `name`, `active`,`state_id`,`tier_id`) VALUES (78,'Gandhidham', b'1',1,5);
INSERT INTO `fullerton`.`city` (id, `name`, `active`,`state_id`,`tier_id`) VALUES (79,'Jamnagar', b'1',1,5);
INSERT INTO `fullerton`.`city` (id, `name`, `active`,`state_id`,`tier_id`) VALUES (81,'Junagadh', b'1',1,5);
INSERT INTO `fullerton`.`city` (id, `name`, `active`,`state_id`,`tier_id`) VALUES (82,'Morbi', b'1',1,5);
INSERT INTO `fullerton`.`city` (id, `name`, `active`,`state_id`,`tier_id`) VALUES (83,'Rajkot', b'1',1,3);
INSERT INTO `fullerton`.`city` (id, `name`, `active`,`state_id`,`tier_id`) VALUES (84,'Surendranagar', b'1',1,5);
INSERT INTO `fullerton`.`city` (id, `name`, `active`,`state_id`,`tier_id`) VALUES (85,'Bidar', b'1',1,5);
INSERT INTO `fullerton`.`city` (id, `name`, `active`,`state_id`,`tier_id`) VALUES (86,'Bijapur', b'1',1,5);
INSERT INTO `fullerton`.`city` (id, `name`, `active`,`state_id`,`tier_id`) VALUES (87,'Chickmagalur', b'1',1,5);
INSERT INTO `fullerton`.`city` (id, `name`, `active`,`state_id`,`tier_id`) VALUES (88,'Gulbarga', b'1',1,5);
INSERT INTO `fullerton`.`city` (id, `name`, `active`,`state_id`,`tier_id`) VALUES (89,'Hospet', b'1',1,5);
INSERT INTO `fullerton`.`city` (id, `name`, `active`,`state_id`,`tier_id`) VALUES (90,'Raichur', b'1',1,5);
INSERT INTO `fullerton`.`city` (id, `name`, `active`,`state_id`,`tier_id`) VALUES (91,'Shimoga', b'1',1,5);
INSERT INTO `fullerton`.`city` (id, `name`, `active`,`state_id`,`tier_id`) VALUES (92,'Sindhanoor', b'1',1,5);
INSERT INTO `fullerton`.`city` (id, `name`, `active`,`state_id`,`tier_id`) VALUES (93,'Belagum', b'1',1,5);
INSERT INTO `fullerton`.`city` (id, `name`, `active`,`state_id`,`tier_id`) VALUES (94,'Belgaum', b'1',1,5);
INSERT INTO `fullerton`.`city` (id, `name`, `active`,`state_id`,`tier_id`) VALUES (95,'Davangere', b'1',1,5);
INSERT INTO `fullerton`.`city` (id, `name`, `active`,`state_id`,`tier_id`) VALUES (96,'Hubli', b'1',1,4);
INSERT INTO `fullerton`.`city` (id, `name`, `active`,`state_id`,`tier_id`) VALUES (97,'Mangalore', b'1',1,5);
INSERT INTO `fullerton`.`city` (id, `name`, `active`,`state_id`,`tier_id`) VALUES (98,'Ranebennur', b'1',1,5);
INSERT INTO `fullerton`.`city` (id, `name`, `active`,`state_id`,`tier_id`) VALUES (99,'Sirsi', b'1',1,5);
INSERT INTO `fullerton`.`city` (id, `name`, `active`,`state_id`,`tier_id`) VALUES (100,'Udipi', b'1',1,5);
INSERT INTO `fullerton`.`city` (id, `name`, `active`,`state_id`,`tier_id`) VALUES (101,'Bangalore', b'1',1,2);
INSERT INTO `fullerton`.`city` (id, `name`, `active`,`state_id`,`tier_id`) VALUES (102,'Hosur', b'1',1,5);
INSERT INTO `fullerton`.`city` (id, `name`, `active`,`state_id`,`tier_id`) VALUES (103,'Mysore', b'1',1,4);
INSERT INTO `fullerton`.`city` (id, `name`, `active`,`state_id`,`tier_id`) VALUES (104,'Bhopal', b'1',1,3);
INSERT INTO `fullerton`.`city` (id, `name`, `active`,`state_id`,`tier_id`) VALUES (105,'Chindwara', b'1',1,5);
INSERT INTO `fullerton`.`city` (id, `name`, `active`,`state_id`,`tier_id`) VALUES (106,'Gwalior', b'1',1,4);
INSERT INTO `fullerton`.`city` (id, `name`, `active`,`state_id`,`tier_id`) VALUES (107,'Hoshangabad', b'1',1,5);
INSERT INTO `fullerton`.`city` (id, `name`, `active`,`state_id`,`tier_id`) VALUES (108,'Itarsi', b'1',1,5);
INSERT INTO `fullerton`.`city` (id, `name`, `active`,`state_id`,`tier_id`) VALUES (109,'Sagar', b'1',1,5);
INSERT INTO `fullerton`.`city` (id, `name`, `active`,`state_id`,`tier_id`) VALUES (110,'Vidisha', b'1',1,5);
INSERT INTO `fullerton`.`city` (id, `name`, `active`,`state_id`,`tier_id`) VALUES (111,'Dewas', b'1',1,5);
INSERT INTO `fullerton`.`city` (id, `name`, `active`,`state_id`,`tier_id`) VALUES (112,'Gwalior', b'1',1,4);
INSERT INTO `fullerton`.`city` (id, `name`, `active`,`state_id`,`tier_id`) VALUES (113,'Indore', b'1',1,3);
INSERT INTO `fullerton`.`city` (id, `name`, `active`,`state_id`,`tier_id`) VALUES (114,'Khandwa', b'1',1,5);
INSERT INTO `fullerton`.`city` (id, `name`, `active`,`state_id`,`tier_id`) VALUES (115,'Mandsaur', b'1',1,5);
INSERT INTO `fullerton`.`city` (id, `name`, `active`,`state_id`,`tier_id`) VALUES (116,'Neemach', b'1',1,5);
INSERT INTO `fullerton`.`city` (id, `name`, `active`,`state_id`,`tier_id`) VALUES (117,'Neemuch', b'1',1,5);
INSERT INTO `fullerton`.`city` (id, `name`, `active`,`state_id`,`tier_id`) VALUES (118,'Ratlam', b'1',1,5);
INSERT INTO `fullerton`.`city` (id, `name`, `active`,`state_id`,`tier_id`) VALUES (119,'Ujjain', b'1',1,4);
INSERT INTO `fullerton`.`city` (id, `name`, `active`,`state_id`,`tier_id`) VALUES (120,'Chindwada', b'1',1,5);
INSERT INTO `fullerton`.`city` (id, `name`, `active`,`state_id`,`tier_id`) VALUES (121,'Jabalpur', b'1',1,4);
INSERT INTO `fullerton`.`city` (id, `name`, `active`,`state_id`,`tier_id`) VALUES (122,'Katni', b'1',1,5);
INSERT INTO `fullerton`.`city` (id, `name`, `active`,`state_id`,`tier_id`) VALUES (123,'Rewa', b'1',1,5);
INSERT INTO `fullerton`.`city` (id, `name`, `active`,`state_id`,`tier_id`) VALUES (124,'Satna', b'1',1,5);
INSERT INTO `fullerton`.`city` (id, `name`, `active`,`state_id`,`tier_id`) VALUES (125,'Seoni', b'1',1,5);
INSERT INTO `fullerton`.`city` (id, `name`, `active`,`state_id`,`tier_id`) VALUES (126,'Singroli', b'1',1,5);
INSERT INTO `fullerton`.`city` (id, `name`, `active`,`state_id`,`tier_id`) VALUES (127,'Bhilai Nagar', b'1',1,5);
INSERT INTO `fullerton`.`city` (id, `name`, `active`,`state_id`,`tier_id`) VALUES (128,'Bilaspur', b'1',1,5);
INSERT INTO `fullerton`.`city` (id, `name`, `active`,`state_id`,`tier_id`) VALUES (129,'Durg', b'1',1,5);
INSERT INTO `fullerton`.`city` (id, `name`, `active`,`state_id`,`tier_id`) VALUES (130,'Korba', b'1',1,5);
INSERT INTO `fullerton`.`city` (id, `name`, `active`,`state_id`,`tier_id`) VALUES (131,'Raigarh', b'1',1,5);
INSERT INTO `fullerton`.`city` (id, `name`, `active`,`state_id`,`tier_id`) VALUES (132,'Raipur', b'1',1,3);
INSERT INTO `fullerton`.`city` (id, `name`, `active`,`state_id`,`tier_id`) VALUES (133,'Rajnandgaon', b'1',1,5);
INSERT INTO `fullerton`.`city` (id, `name`, `active`,`state_id`,`tier_id`) VALUES (135,'Thane', b'1',1,1);
INSERT INTO `fullerton`.`city` (id, `name`, `active`,`state_id`,`tier_id`) VALUES (136,'Ambala', b'1',1,5);
INSERT INTO `fullerton`.`city` (id, `name`, `active`,`state_id`,`tier_id`) VALUES (137,'Baddi', b'1',1,5);
INSERT INTO `fullerton`.`city` (id, `name`, `active`,`state_id`,`tier_id`) VALUES (138,'Chandigarh', b'1',1,3);
INSERT INTO `fullerton`.`city` (id, `name`, `active`,`state_id`,`tier_id`) VALUES (139,'Derabassi', b'1',1,5);
INSERT INTO `fullerton`.`city` (id, `name`, `active`,`state_id`,`tier_id`) VALUES (140,'Hoshiarpur', b'1',1,5);
INSERT INTO `fullerton`.`city` (id, `name`, `active`,`state_id`,`tier_id`) VALUES (141,'Jalandhar', b'1',1,4);
INSERT INTO `fullerton`.`city` (id, `name`, `active`,`state_id`,`tier_id`) VALUES (142,'Kapurthala', b'1',1,5);
INSERT INTO `fullerton`.`city` (id, `name`, `active`,`state_id`,`tier_id`) VALUES (143,'Mandi', b'1',1,5);
INSERT INTO `fullerton`.`city` (id, `name`, `active`,`state_id`,`tier_id`) VALUES (144,'Mohali', b'1',1,3);
INSERT INTO `fullerton`.`city` (id, `name`, `active`,`state_id`,`tier_id`) VALUES (145,'Nabha', b'1',1,5);
INSERT INTO `fullerton`.`city` (id, `name`, `active`,`state_id`,`tier_id`) VALUES (146,'Patiala', b'1',1,4);
INSERT INTO `fullerton`.`city` (id, `name`, `active`,`state_id`,`tier_id`) VALUES (147,'Ropar', b'1',1,5);
INSERT INTO `fullerton`.`city` (id, `name`, `active`,`state_id`,`tier_id`) VALUES (148,'Shimla', b'1',1,5);
INSERT INTO `fullerton`.`city` (id, `name`, `active`,`state_id`,`tier_id`) VALUES (149,'Solan', b'1',1,5);
INSERT INTO `fullerton`.`city` (id, `name`, `active`,`state_id`,`tier_id`) VALUES (150,'Amritsar', b'1',1,4);
INSERT INTO `fullerton`.`city` (id, `name`, `active`,`state_id`,`tier_id`) VALUES (151,'Barnala', b'1',1,5);
INSERT INTO `fullerton`.`city` (id, `name`, `active`,`state_id`,`tier_id`) VALUES (152,'Batala', b'1',1,5);
INSERT INTO `fullerton`.`city` (id, `name`, `active`,`state_id`,`tier_id`) VALUES (153,'Bathinda', b'1',1,5);
INSERT INTO `fullerton`.`city` (id, `name`, `active`,`state_id`,`tier_id`) VALUES (154,'Dharmshala', b'1',1,5);
INSERT INTO `fullerton`.`city` (id, `name`, `active`,`state_id`,`tier_id`) VALUES (155,'Faridkot', b'1',1,5);
INSERT INTO `fullerton`.`city` (id, `name`, `active`,`state_id`,`tier_id`) VALUES (156,'Gurdaspur', b'1',1,5);
INSERT INTO `fullerton`.`city` (id, `name`, `active`,`state_id`,`tier_id`) VALUES (157,'Jammu', b'1',1,5);
INSERT INTO `fullerton`.`city` (id, `name`, `active`,`state_id`,`tier_id`) VALUES (158,'Khanna', b'1',1,5);
INSERT INTO `fullerton`.`city` (id, `name`, `active`,`state_id`,`tier_id`) VALUES (159,'Kotkapura', b'1',1,5);
INSERT INTO `fullerton`.`city` (id, `name`, `active`,`state_id`,`tier_id`) VALUES (160,'Ludhiana', b'1',1,4);
INSERT INTO `fullerton`.`city` (id, `name`, `active`,`state_id`,`tier_id`) VALUES (161,'Mansa', b'1',1,5);
INSERT INTO `fullerton`.`city` (id, `name`, `active`,`state_id`,`tier_id`) VALUES (162,'Muktasar', b'1',1,5);
INSERT INTO `fullerton`.`city` (id, `name`, `active`,`state_id`,`tier_id`) VALUES (163,'Pathankot', b'1',1,5);
INSERT INTO `fullerton`.`city` (id, `name`, `active`,`state_id`,`tier_id`) VALUES (164,'Sirsa', b'1',1,5);
INSERT INTO `fullerton`.`city` (id, `name`, `active`,`state_id`,`tier_id`) VALUES (165,'Jalandhar', b'1',1,4);
INSERT INTO `fullerton`.`city` (id, `name`, `active`,`state_id`,`tier_id`) VALUES (166,'Alwar', b'1',1,5);
INSERT INTO `fullerton`.`city` (id, `name`, `active`,`state_id`,`tier_id`) VALUES (167,'Baran', b'1',1,5);
INSERT INTO `fullerton`.`city` (id, `name`, `active`,`state_id`,`tier_id`) VALUES (168,'Bikaner', b'1',1,4);
INSERT INTO `fullerton`.`city` (id, `name`, `active`,`state_id`,`tier_id`) VALUES (169,'Hanumangarh', b'1',1,5);
INSERT INTO `fullerton`.`city` (id, `name`, `active`,`state_id`,`tier_id`) VALUES (170,'Jaipur', b'1',1,2);
INSERT INTO `fullerton`.`city` (id, `name`, `active`,`state_id`,`tier_id`) VALUES (171,'Sikar', b'1',1,5);
INSERT INTO `fullerton`.`city` (id, `name`, `active`,`state_id`,`tier_id`) VALUES (172,'Sriganganagar', b'1',1,5);
INSERT INTO `fullerton`.`city` (id, `name`, `active`,`state_id`,`tier_id`) VALUES (173,'Ajmer', b'1',1,4);
INSERT INTO `fullerton`.`city` (id, `name`, `active`,`state_id`,`tier_id`) VALUES (174,'Balotra', b'1',1,5);
INSERT INTO `fullerton`.`city` (id, `name`, `active`,`state_id`,`tier_id`) VALUES (175,'Banswara', b'1',1,5);
INSERT INTO `fullerton`.`city` (id, `name`, `active`,`state_id`,`tier_id`) VALUES (176,'Beawer', b'1',1,5);
INSERT INTO `fullerton`.`city` (id, `name`, `active`,`state_id`,`tier_id`) VALUES (177,'Bhilwara', b'1',1,5);
INSERT INTO `fullerton`.`city` (id, `name`, `active`,`state_id`,`tier_id`) VALUES (178,'Jodhpur', b'1',1,3);
INSERT INTO `fullerton`.`city` (id, `name`, `active`,`state_id`,`tier_id`) VALUES (179,'Kishangarh', b'1',1,5);
INSERT INTO `fullerton`.`city` (id, `name`, `active`,`state_id`,`tier_id`) VALUES (180,'Pali', b'1',1,5);
INSERT INTO `fullerton`.`city` (id, `name`, `active`,`state_id`,`tier_id`) VALUES (181,'Udaipur', b'1',1,3);
INSERT INTO `fullerton`.`city` (id, `name`, `active`,`state_id`,`tier_id`) VALUES (182,'Ahmednagar', b'1',1,5);
INSERT INTO `fullerton`.`city` (id, `name`, `active`,`state_id`,`tier_id`) VALUES (183,'AURANGABAD', b'1',1,4);
INSERT INTO `fullerton`.`city` (id, `name`, `active`,`state_id`,`tier_id`) VALUES (184,'Jalna', b'1',1,5);
INSERT INTO `fullerton`.`city` (id, `name`, `active`,`state_id`,`tier_id`) VALUES (185,'Kolhapur', b'1',1,4);
INSERT INTO `fullerton`.`city` (id, `name`, `active`,`state_id`,`tier_id`) VALUES (186,'Madgaon', b'1',1,5);
INSERT INTO `fullerton`.`city` (id, `name`, `active`,`state_id`,`tier_id`) VALUES (187,'Nashik', b'1',1,4);
INSERT INTO `fullerton`.`city` (id, `name`, `active`,`state_id`,`tier_id`) VALUES (188,'Nasik', b'1',1,4);
INSERT INTO `fullerton`.`city` (id, `name`, `active`,`state_id`,`tier_id`) VALUES (189,'Panjim', b'1',1,5);
INSERT INTO `fullerton`.`city` (id, `name`, `active`,`state_id`,`tier_id`) VALUES (190,'Pune', b'1',1,2);
INSERT INTO `fullerton`.`city` (id, `name`, `active`,`state_id`,`tier_id`) VALUES (191,'Rajarampuri', b'1',1,4);
INSERT INTO `fullerton`.`city` (id, `name`, `active`,`state_id`,`tier_id`) VALUES (192,'Ratnagiri', b'1',1,5);
INSERT INTO `fullerton`.`city` (id, `name`, `active`,`state_id`,`tier_id`) VALUES (193,'Sangli', b'1',1,5);
INSERT INTO `fullerton`.`city` (id, `name`, `active`,`state_id`,`tier_id`) VALUES (194,'Satara', b'1',1,5);
INSERT INTO `fullerton`.`city` (id, `name`, `active`,`state_id`,`tier_id`) VALUES (195,'Sholapur', b'1',1,4);
INSERT INTO `fullerton`.`city` (id, `name`, `active`,`state_id`,`tier_id`) VALUES (196,'Solapur', b'1',1,4);
INSERT INTO `fullerton`.`city` (id, `name`, `active`,`state_id`,`tier_id`) VALUES (197,'Amravati', b'1',1,5);
INSERT INTO `fullerton`.`city` (id, `name`, `active`,`state_id`,`tier_id`) VALUES (198,'Aurangabad', b'1',1,4);
INSERT INTO `fullerton`.`city` (id, `name`, `active`,`state_id`,`tier_id`) VALUES (199,'Beed', b'1',1,5);
INSERT INTO `fullerton`.`city` (id, `name`, `active`,`state_id`,`tier_id`) VALUES (200,'Chandrapur', b'1',1,5);
INSERT INTO `fullerton`.`city` (id, `name`, `active`,`state_id`,`tier_id`) VALUES (201,'Jalna', b'1',1,5);
INSERT INTO `fullerton`.`city` (id, `name`, `active`,`state_id`,`tier_id`) VALUES (202,'Latur', b'1',1,5);
INSERT INTO `fullerton`.`city` (id, `name`, `active`,`state_id`,`tier_id`) VALUES (203,'Nagpur', b'1',1,3);
INSERT INTO `fullerton`.`city` (id, `name`, `active`,`state_id`,`tier_id`) VALUES (204,'Nanded', b'1',1,5);
INSERT INTO `fullerton`.`city` (id, `name`, `active`,`state_id`,`tier_id`) VALUES (205,'Wardha', b'1',1,5);
INSERT INTO `fullerton`.`city` (id, `name`, `active`,`state_id`,`tier_id`) VALUES (206,'Chennai', b'1',1,2);
INSERT INTO `fullerton`.`city` (id, `name`, `active`,`state_id`,`tier_id`) VALUES (207,'Madipakkam', b'1',1,2);
INSERT INTO `fullerton`.`city` (id, `name`, `active`,`state_id`,`tier_id`) VALUES (208,'Cochin', b'1',1,3);
INSERT INTO `fullerton`.`city` (id, `name`, `active`,`state_id`,`tier_id`) VALUES (209,'Coimbatore', b'1',1,3);
INSERT INTO `fullerton`.`city` (id, `name`, `active`,`state_id`,`tier_id`) VALUES (210,'Erode', b'1',1,5);
INSERT INTO `fullerton`.`city` (id, `name`, `active`,`state_id`,`tier_id`) VALUES (211,'Madurai', b'1',1,4);
INSERT INTO `fullerton`.`city` (id, `name`, `active`,`state_id`,`tier_id`) VALUES (212,'Nagercoil', b'1',1,5);
INSERT INTO `fullerton`.`city` (id, `name`, `active`,`state_id`,`tier_id`) VALUES (213,'Ooty', b'1',1,5);
INSERT INTO `fullerton`.`city` (id, `name`, `active`,`state_id`,`tier_id`) VALUES (214,'Rajapalayam', b'1',1,5);
INSERT INTO `fullerton`.`city` (id, `name`, `active`,`state_id`,`tier_id`) VALUES (215,'Salem', b'1',1,4);
INSERT INTO `fullerton`.`city` (id, `name`, `active`,`state_id`,`tier_id`) VALUES (216,'Sivakasi', b'1',1,5);
INSERT INTO `fullerton`.`city` (id, `name`, `active`,`state_id`,`tier_id`) VALUES (217,'Thrissur', b'1',1,5);
INSERT INTO `fullerton`.`city` (id, `name`, `active`,`state_id`,`tier_id`) VALUES (218,'Tirunelveli', b'1',1,5);
INSERT INTO `fullerton`.`city` (id, `name`, `active`,`state_id`,`tier_id`) VALUES (219,'Trivandrum', b'1',1,4);
INSERT INTO `fullerton`.`city` (id, `name`, `active`,`state_id`,`tier_id`) VALUES (220,'Tuticorin', b'1',1,5);
INSERT INTO `fullerton`.`city` (id, `name`, `active`,`state_id`,`tier_id`) VALUES (221,'Madurai', b'1',1,4);
INSERT INTO `fullerton`.`city` (id, `name`, `active`,`state_id`,`tier_id`) VALUES (222,'Nagercoil', b'1',1,5);
INSERT INTO `fullerton`.`city` (id, `name`, `active`,`state_id`,`tier_id`) VALUES (223,'Tirunelveli', b'1',1,5);
INSERT INTO `fullerton`.`city` (id, `name`, `active`,`state_id`,`tier_id`) VALUES (224,'Tuticorin', b'1',1,5);
INSERT INTO `fullerton`.`city` (id, `name`, `active`,`state_id`,`tier_id`) VALUES (225,'Dindugul', b'1',1,5);
INSERT INTO `fullerton`.`city` (id, `name`, `active`,`state_id`,`tier_id`) VALUES (226,'Erode', b'1',1,5);
INSERT INTO `fullerton`.`city` (id, `name`, `active`,`state_id`,`tier_id`) VALUES (227,'Karaikudi', b'1',1,5);
INSERT INTO `fullerton`.`city` (id, `name`, `active`,`state_id`,`tier_id`) VALUES (228,'Karur', b'1',1,5);
INSERT INTO `fullerton`.`city` (id, `name`, `active`,`state_id`,`tier_id`) VALUES (229,'Kumbakonam', b'1',1,5);
INSERT INTO `fullerton`.`city` (id, `name`, `active`,`state_id`,`tier_id`) VALUES (230,'Pudukottai', b'1',1,5);
INSERT INTO `fullerton`.`city` (id, `name`, `active`,`state_id`,`tier_id`) VALUES (231,'Thanjavur', b'1',1,5);
INSERT INTO `fullerton`.`city` (id, `name`, `active`,`state_id`,`tier_id`) VALUES (232,'Trichy', b'1',1,4);
INSERT INTO `fullerton`.`city` (id, `name`, `active`,`state_id`,`tier_id`) VALUES (233,'Kancheepuram', b'1',1,5);
INSERT INTO `fullerton`.`city` (id, `name`, `active`,`state_id`,`tier_id`) VALUES (234,'Karaikal', b'1',1,5);
INSERT INTO `fullerton`.`city` (id, `name`, `active`,`state_id`,`tier_id`) VALUES (235,'Panruti', b'1',1,5);
INSERT INTO `fullerton`.`city` (id, `name`, `active`,`state_id`,`tier_id`) VALUES (236,'Pondicherry', b'1',1,4);
INSERT INTO `fullerton`.`city` (id, `name`, `active`,`state_id`,`tier_id`) VALUES (237,'Salem', b'1',1,4);
INSERT INTO `fullerton`.`city` (id, `name`, `active`,`state_id`,`tier_id`) VALUES (238,'Tiruvannamalai', b'1',1,5);
INSERT INTO `fullerton`.`city` (id, `name`, `active`,`state_id`,`tier_id`) VALUES (239,'Vellore', b'1',1,5);
INSERT INTO `fullerton`.`city` (id, `name`, `active`,`state_id`,`tier_id`) VALUES (240,'Aligarh', b'1',1,5);
INSERT INTO `fullerton`.`city` (id, `name`, `active`,`state_id`,`tier_id`) VALUES (241,'Bareilly', b'1',1,5);
INSERT INTO `fullerton`.`city` (id, `name`, `active`,`state_id`,`tier_id`) VALUES (242,'Dehradun', b'1',1,4);
INSERT INTO `fullerton`.`city` (id, `name`, `active`,`state_id`,`tier_id`) VALUES (243,'Haldwani', b'1',1,5);
INSERT INTO `fullerton`.`city` (id, `name`, `active`,`state_id`,`tier_id`) VALUES (244,'Haridwar', b'1',1,5);
INSERT INTO `fullerton`.`city` (id, `name`, `active`,`state_id`,`tier_id`) VALUES (245,'Meerut', b'1',1,4);
INSERT INTO `fullerton`.`city` (id, `name`, `active`,`state_id`,`tier_id`) VALUES (246,'Moradabad', b'1',1,5);
INSERT INTO `fullerton`.`city` (id, `name`, `active`,`state_id`,`tier_id`) VALUES (247,'Mussoorie', b'1',1,5);
INSERT INTO `fullerton`.`city` (id, `name`, `active`,`state_id`,`tier_id`) VALUES (248,'Rishikesh', b'1',1,5);
INSERT INTO `fullerton`.`city` (id, `name`, `active`,`state_id`,`tier_id`) VALUES (249,'Roorkee', b'1',1,5);
INSERT INTO `fullerton`.`city` (id, `name`, `active`,`state_id`,`tier_id`) VALUES (250,'Rudrapur', b'1',1,5);
INSERT INTO `fullerton`.`city` (id, `name`, `active`,`state_id`,`tier_id`) VALUES (251,'Saharanpur', b'1',1,5);
INSERT INTO `fullerton`.`city` (id, `name`, `active`,`state_id`,`tier_id`) VALUES (252,'Agra', b'1',1,4);
INSERT INTO `fullerton`.`city` (id, `name`, `active`,`state_id`,`tier_id`) VALUES (253,'Aligarh', b'1',1,5);
INSERT INTO `fullerton`.`city` (id, `name`, `active`,`state_id`,`tier_id`) VALUES (254,'Bareilly', b'1',1,5);
INSERT INTO `fullerton`.`city` (id, `name`, `active`,`state_id`,`tier_id`) VALUES (255,'Deoria', b'1',1,5);
INSERT INTO `fullerton`.`city` (id, `name`, `active`,`state_id`,`tier_id`) VALUES (256,'Gonda', b'1',1,5);
INSERT INTO `fullerton`.`city` (id, `name`, `active`,`state_id`,`tier_id`) VALUES (257,'Gorakhpur', b'1',1,5);
INSERT INTO `fullerton`.`city` (id, `name`, `active`,`state_id`,`tier_id`) VALUES (258,'Jaunpur', b'1',1,5);
INSERT INTO `fullerton`.`city` (id, `name`, `active`,`state_id`,`tier_id`) VALUES (259,'Jhansi', b'1',1,5);
INSERT INTO `fullerton`.`city` (id, `name`, `active`,`state_id`,`tier_id`) VALUES (260,'Kanpur', b'1',1,3);
INSERT INTO `fullerton`.`city` (id, `name`, `active`,`state_id`,`tier_id`) VALUES (261,'Lucknow', b'1',1,3);
INSERT INTO `fullerton`.`city` (id, `name`, `active`,`state_id`,`tier_id`) VALUES (262,'Meerut', b'1',1,4);
INSERT INTO `fullerton`.`city` (id, `name`, `active`,`state_id`,`tier_id`) VALUES (263,'Varanasi', b'1',1,5);
INSERT INTO `fullerton`.`city` (id, `name`, `active`,`state_id`,`tier_id`) VALUES (264,'Varanasi2', b'1',1,5);
INSERT INTO `fullerton`.`city` (id, `name`, `active`,`state_id`,`tier_id`) VALUES (271,'Hisar', b'1',1,5);
INSERT INTO `fullerton`.`city` (id, `name`, `active`,`state_id`,`tier_id`) VALUES (273,'Kothagudem', b'1',1,5);
INSERT INTO `fullerton`.`city` (id, `name`, `active`,`state_id`,`tier_id`) VALUES (275,'Palacollu', b'1',1,5);
INSERT INTO `fullerton`.`city` (id, `name`, `active`,`state_id`,`tier_id`) VALUES (304,'Agra', b'1',1,4);
INSERT INTO `fullerton`.`city` (id, `name`, `active`,`state_id`,`tier_id`) VALUES (309,'Ahmednagar', b'1',1,5);
INSERT INTO `fullerton`.`city` (id, `name`, `active`,`state_id`,`tier_id`) VALUES (317,'Ajmer', b'1',1,4);
INSERT INTO `fullerton`.`city` (id, `name`, `active`,`state_id`,`tier_id`) VALUES (349,'Aligarh', b'1',1,5);
INSERT INTO `fullerton`.`city` (id, `name`, `active`,`state_id`,`tier_id`) VALUES (368,'Alwar', b'1',1,5);
INSERT INTO `fullerton`.`city` (id, `name`, `active`,`state_id`,`tier_id`) VALUES (380,'Ambala', b'1',1,5);
INSERT INTO `fullerton`.`city` (id, `name`, `active`,`state_id`,`tier_id`) VALUES (402,'Amritsar', b'1',1,4);
INSERT INTO `fullerton`.`city` (id, `name`, `active`,`state_id`,`tier_id`) VALUES (408,'Anand', b'1',1,5);
INSERT INTO `fullerton`.`city` (id, `name`, `active`,`state_id`,`tier_id`) VALUES (411,'Anantapur', b'1',1,5);
INSERT INTO `fullerton`.`city` (id, `name`, `active`,`state_id`,`tier_id`) VALUES (478,'Aurangabad', b'1',1,4);
INSERT INTO `fullerton`.`city` (id, `name`, `active`,`state_id`,`tier_id`) VALUES (479,'Aurangabad', b'1',1,4);
INSERT INTO `fullerton`.`city` (id, `name`, `active`,`state_id`,`tier_id`) VALUES (480,'Aurangabad', b'1',1,4);
INSERT INTO `fullerton`.`city` (id, `name`, `active`,`state_id`,`tier_id`) VALUES (481,'Aurangabad', b'1',1,4);
INSERT INTO `fullerton`.`city` (id, `name`, `active`,`state_id`,`tier_id`) VALUES (482,'Aurangabad', b'1',1,4);
INSERT INTO `fullerton`.`city` (id, `name`, `active`,`state_id`,`tier_id`) VALUES (483,'Aurangabad', b'1',1,4);
INSERT INTO `fullerton`.`city` (id, `name`, `active`,`state_id`,`tier_id`) VALUES (484,'Aurangabad', b'1',1,4);
INSERT INTO `fullerton`.`city` (id, `name`, `active`,`state_id`,`tier_id`) VALUES (557,'Balotra', b'1',1,5);
INSERT INTO `fullerton`.`city` (id, `name`, `active`,`state_id`,`tier_id`) VALUES (568,'Bangalore', b'1',1,2);
INSERT INTO `fullerton`.`city` (id, `name`, `active`,`state_id`,`tier_id`) VALUES (594,'Banswara', b'1',1,5);
INSERT INTO `fullerton`.`city` (id, `name`, `active`,`state_id`,`tier_id`) VALUES (605,'Baran', b'1',1,5);
INSERT INTO `fullerton`.`city` (id, `name`, `active`,`state_id`,`tier_id`) VALUES (613,'Bareilly', b'1',1,5);
INSERT INTO `fullerton`.`city` (id, `name`, `active`,`state_id`,`tier_id`) VALUES (626,'Barnala', b'1',1,5);
INSERT INTO `fullerton`.`city` (id, `name`, `active`,`state_id`,`tier_id`) VALUES (641,'Batala', b'1',1,5);
INSERT INTO `fullerton`.`city` (id, `name`, `active`,`state_id`,`tier_id`) VALUES (650,'Beed', b'1',1,5);
INSERT INTO `fullerton`.`city` (id, `name`, `active`,`state_id`,`tier_id`) VALUES (657,'Belgaum', b'1',1,5);
INSERT INTO `fullerton`.`city` (id, `name`, `active`,`state_id`,`tier_id`) VALUES (658,'Belgaum', b'1',1,5);
INSERT INTO `fullerton`.`city` (id, `name`, `active`,`state_id`,`tier_id`) VALUES (659,'Belgaum', b'1',1,5);
INSERT INTO `fullerton`.`city` (id, `name`, `active`,`state_id`,`tier_id`) VALUES (660,'Belgaum', b'1',1,5);
INSERT INTO `fullerton`.`city` (id, `name`, `active`,`state_id`,`tier_id`) VALUES (661,'Belgaum', b'1',1,5);
INSERT INTO `fullerton`.`city` (id, `name`, `active`,`state_id`,`tier_id`) VALUES (706,'Bharuch', b'1',1,5);
INSERT INTO `fullerton`.`city` (id, `name`, `active`,`state_id`,`tier_id`) VALUES (714,'Bhavnagar', b'1',1,5);
INSERT INTO `fullerton`.`city` (id, `name`, `active`,`state_id`,`tier_id`) VALUES (721,'Bhilwara', b'1',1,5);
INSERT INTO `fullerton`.`city` (id, `name`, `active`,`state_id`,`tier_id`) VALUES (729,'Bhiwani', b'1',1,5);
INSERT INTO `fullerton`.`city` (id, `name`, `active`,`state_id`,`tier_id`) VALUES (733,'Bhopal', b'1',1,3);
INSERT INTO `fullerton`.`city` (id, `name`, `active`,`state_id`,`tier_id`) VALUES (738,'Bhubaneswar', b'1',1,4);
INSERT INTO `fullerton`.`city` (id, `name`, `active`,`state_id`,`tier_id`) VALUES (739,'Bhuj', b'1',1,5);
INSERT INTO `fullerton`.`city` (id, `name`, `active`,`state_id`,`tier_id`) VALUES (744,'Bidar', b'1',1,5);
INSERT INTO `fullerton`.`city` (id, `name`, `active`,`state_id`,`tier_id`) VALUES (745,'Bidar', b'1',1,5);
INSERT INTO `fullerton`.`city` (id, `name`, `active`,`state_id`,`tier_id`) VALUES (750,'Bijapur', b'1',1,5);
INSERT INTO `fullerton`.`city` (id, `name`, `active`,`state_id`,`tier_id`) VALUES (755,'Bikaner', b'1',1,4);
INSERT INTO `fullerton`.`city` (id, `name`, `active`,`state_id`,`tier_id`) VALUES (760,'Bilaspur', b'1',1,5);
INSERT INTO `fullerton`.`city` (id, `name`, `active`,`state_id`,`tier_id`) VALUES (761,'Bilaspur', b'1',1,5);
INSERT INTO `fullerton`.`city` (id, `name`, `active`,`state_id`,`tier_id`) VALUES (762,'Bilaspur', b'1',1,5);
INSERT INTO `fullerton`.`city` (id, `name`, `active`,`state_id`,`tier_id`) VALUES (763,'Bilaspur', b'1',1,5);
INSERT INTO `fullerton`.`city` (id, `name`, `active`,`state_id`,`tier_id`) VALUES (790,'Bokaro', b'1',1,5);
INSERT INTO `fullerton`.`city` (id, `name`, `active`,`state_id`,`tier_id`) VALUES (851,'Chandigarh', b'1',1,3);
INSERT INTO `fullerton`.`city` (id, `name`, `active`,`state_id`,`tier_id`) VALUES (855,'Chandrapur', b'1',1,5);
INSERT INTO `fullerton`.`city` (id, `name`, `active`,`state_id`,`tier_id`) VALUES (886,'Chennai', b'1',1,2);
INSERT INTO `fullerton`.`city` (id, `name`, `active`,`state_id`,`tier_id`) VALUES (899,'Chhindwara', b'1',1,5);
INSERT INTO `fullerton`.`city` (id, `name`, `active`,`state_id`,`tier_id`) VALUES (910,'Chikmagalur', b'1',1,5);
INSERT INTO `fullerton`.`city` (id, `name`, `active`,`state_id`,`tier_id`) VALUES (939,'Chittoor', b'1',1,5);
INSERT INTO `fullerton`.`city` (id, `name`, `active`,`state_id`,`tier_id`) VALUES (951,'Coimbatore', b'1',1,3);
INSERT INTO `fullerton`.`city` (id, `name`, `active`,`state_id`,`tier_id`) VALUES (958,'Cuttack', b'1',1,5);
INSERT INTO `fullerton`.`city` (id, `name`, `active`,`state_id`,`tier_id`) VALUES (996,'Dehradun', b'1',1,4);
INSERT INTO `fullerton`.`city` (id, `name`, `active`,`state_id`,`tier_id`) VALUES (1001,'Deoria', b'1',1,5);
INSERT INTO `fullerton`.`city` (id, `name`, `active`,`state_id`,`tier_id`) VALUES (1002,'Deoria', b'1',1,5);
INSERT INTO `fullerton`.`city` (id, `name`, `active`,`state_id`,`tier_id`) VALUES (1020,'Dewas', b'1',1,5);
INSERT INTO `fullerton`.`city` (id, `name`, `active`,`state_id`,`tier_id`) VALUES (1049,'Dharwad', b'1',1,4);
INSERT INTO `fullerton`.`city` (id, `name`, `active`,`state_id`,`tier_id`) VALUES (1067,'dibrugarh', b'1',1,4);
INSERT INTO `fullerton`.`city` (id, `name`, `active`,`state_id`,`tier_id`) VALUES (1078,'Dina Nagar', b'1',1,5);
INSERT INTO `fullerton`.`city` (id, `name`, `active`,`state_id`,`tier_id`) VALUES (1079,'Dindigul', b'1',1,5);
INSERT INTO `fullerton`.`city` (id, `name`, `active`,`state_id`,`tier_id`) VALUES (1102,'Durg', b'1',1,5);
INSERT INTO `fullerton`.`city` (id, `name`, `active`,`state_id`,`tier_id`) VALUES (1103,'Durgapur', b'1',1,5);
INSERT INTO `fullerton`.`city` (id, `name`, `active`,`state_id`,`tier_id`) VALUES (1118,'Eluru', b'1',1,5);
INSERT INTO `fullerton`.`city` (id, `name`, `active`,`state_id`,`tier_id`) VALUES (1125,'Ernakulam', b'1',1,3);
INSERT INTO `fullerton`.`city` (id, `name`, `active`,`state_id`,`tier_id`) VALUES (1126,'Erode', b'1',1,5);
INSERT INTO `fullerton`.`city` (id, `name`, `active`,`state_id`,`tier_id`) VALUES (1133,'Faridabad', b'1',1,1);
INSERT INTO `fullerton`.`city` (id, `name`, `active`,`state_id`,`tier_id`) VALUES (1134,'Faridkot', b'1',1,5);
INSERT INTO `fullerton`.`city` (id, `name`, `active`,`state_id`,`tier_id`) VALUES (1164,'Gandhinagar', b'1',1,2);
INSERT INTO `fullerton`.`city` (id, `name`, `active`,`state_id`,`tier_id`) VALUES (1195,'Ghaziabad', b'1',1,2);
INSERT INTO `fullerton`.`city` (id, `name`, `active`,`state_id`,`tier_id`) VALUES (1222,'Gonda', b'1',1,5);
INSERT INTO `fullerton`.`city` (id, `name`, `active`,`state_id`,`tier_id`) VALUES (1223,'Gonda', b'1',1,5);
INSERT INTO `fullerton`.`city` (id, `name`, `active`,`state_id`,`tier_id`) VALUES (1234,'Gorakhpur', b'1',1,5);
INSERT INTO `fullerton`.`city` (id, `name`, `active`,`state_id`,`tier_id`) VALUES (1254,'Gulbarga', b'1',1,5);
INSERT INTO `fullerton`.`city` (id, `name`, `active`,`state_id`,`tier_id`) VALUES (1255,'Gulbarga', b'1',1,5);
INSERT INTO `fullerton`.`city` (id, `name`, `active`,`state_id`,`tier_id`) VALUES (1256,'Gulbarga', b'1',1,5);
INSERT INTO `fullerton`.`city` (id, `name`, `active`,`state_id`,`tier_id`) VALUES (1266,'Guntur', b'1',1,4);
INSERT INTO `fullerton`.`city` (id, `name`, `active`,`state_id`,`tier_id`) VALUES (1269,'Gurdaspur', b'1',1,5);
INSERT INTO `fullerton`.`city` (id, `name`, `active`,`state_id`,`tier_id`) VALUES (1270,'Gurgaon', b'1',1,1);
INSERT INTO `fullerton`.`city` (id, `name`, `active`,`state_id`,`tier_id`) VALUES (1274,'Guwahati', b'1',1,4);
INSERT INTO `fullerton`.`city` (id, `name`, `active`,`state_id`,`tier_id`) VALUES (1276,'Gwalior', b'1',1,4);
INSERT INTO `fullerton`.`city` (id, `name`, `active`,`state_id`,`tier_id`) VALUES (1292,'Haldwani', b'1',1,5);
INSERT INTO `fullerton`.`city` (id, `name`, `active`,`state_id`,`tier_id`) VALUES (1302,'Hanumangarh', b'1',1,5);
INSERT INTO `fullerton`.`city` (id, `name`, `active`,`state_id`,`tier_id`) VALUES (1354,'Hissar', b'1',1,5);
INSERT INTO `fullerton`.`city` (id, `name`, `active`,`state_id`,`tier_id`) VALUES (1369,'Hoshangabad', b'1',1,5);
INSERT INTO `fullerton`.`city` (id, `name`, `active`,`state_id`,`tier_id`) VALUES (1370,'Hoshiarpur', b'1',1,5);
INSERT INTO `fullerton`.`city` (id, `name`, `active`,`state_id`,`tier_id`) VALUES (1373,'Hospet', b'1',1,5);
INSERT INTO `fullerton`.`city` (id, `name`, `active`,`state_id`,`tier_id`) VALUES (1374,'Hosur', b'1',1,5);
INSERT INTO `fullerton`.`city` (id, `name`, `active`,`state_id`,`tier_id`) VALUES (1378,'Hubli', b'1',1,4);
INSERT INTO `fullerton`.`city` (id, `name`, `active`,`state_id`,`tier_id`) VALUES (1384,'Hyderabad', b'1',1,2);
INSERT INTO `fullerton`.`city` (id, `name`, `active`,`state_id`,`tier_id`) VALUES (1397,'Indore', b'1',1,3);
INSERT INTO `fullerton`.`city` (id, `name`, `active`,`state_id`,`tier_id`) VALUES (1402,'Itarsi', b'1',1,5);
INSERT INTO `fullerton`.`city` (id, `name`, `active`,`state_id`,`tier_id`) VALUES (1403,'Jabalpur', b'1',1,4);
INSERT INTO `fullerton`.`city` (id, `name`, `active`,`state_id`,`tier_id`) VALUES (1427,'Jalandhar', b'1',1,4);
INSERT INTO `fullerton`.`city` (id, `name`, `active`,`state_id`,`tier_id`) VALUES (1432,'Jalna', b'1',1,5);
INSERT INTO `fullerton`.`city` (id, `name`, `active`,`state_id`,`tier_id`) VALUES (1441,'Jammu', b'1',1,5);
INSERT INTO `fullerton`.`city` (id, `name`, `active`,`state_id`,`tier_id`) VALUES (1442,'Jamnagar', b'1',1,5);
INSERT INTO `fullerton`.`city` (id, `name`, `active`,`state_id`,`tier_id`) VALUES (1443,'Jamshedpur', b'1',1,4);
INSERT INTO `fullerton`.`city` (id, `name`, `active`,`state_id`,`tier_id`) VALUES (1461,'Jaunpur', b'1',1,5);
INSERT INTO `fullerton`.`city` (id, `name`, `active`,`state_id`,`tier_id`) VALUES (1477,'Jhansi', b'1',1,5);
INSERT INTO `fullerton`.`city` (id, `name`, `active`,`state_id`,`tier_id`) VALUES (1494,'Jodhpur', b'1',1,3);
INSERT INTO `fullerton`.`city` (id, `name`, `active`,`state_id`,`tier_id`) VALUES (1507,'Junagadh', b'1',1,5);
INSERT INTO `fullerton`.`city` (id, `name`, `active`,`state_id`,`tier_id`) VALUES (1528,'Kakinada', b'1',1,5);
INSERT INTO `fullerton`.`city` (id, `name`, `active`,`state_id`,`tier_id`) VALUES (1567,'Kancheepuram', b'1',1,5);
INSERT INTO `fullerton`.`city` (id, `name`, `active`,`state_id`,`tier_id`) VALUES (1598,'Kanpur', b'1',1,3);
INSERT INTO `fullerton`.`city` (id, `name`, `active`,`state_id`,`tier_id`) VALUES (1599,'Kanpur', b'1',1,3);
INSERT INTO `fullerton`.`city` (id, `name`, `active`,`state_id`,`tier_id`) VALUES (1608,'Kapurthala', b'1',1,5);
INSERT INTO `fullerton`.`city` (id, `name`, `active`,`state_id`,`tier_id`) VALUES (1609,'Karaikal', b'1',1,5);
INSERT INTO `fullerton`.`city` (id, `name`, `active`,`state_id`,`tier_id`) VALUES (1622,'Karimnagar', b'1',1,5);
INSERT INTO `fullerton`.`city` (id, `name`, `active`,`state_id`,`tier_id`) VALUES (1626,'Karnal', b'1',1,5);
INSERT INTO `fullerton`.`city` (id, `name`, `active`,`state_id`,`tier_id`) VALUES (1630,'Karur', b'1',1,5);
INSERT INTO `fullerton`.`city` (id, `name`, `active`,`state_id`,`tier_id`) VALUES (1642,'Katni', b'1',1,5);
INSERT INTO `fullerton`.`city` (id, `name`, `active`,`state_id`,`tier_id`) VALUES (1674,'Khammam', b'1',1,5);
INSERT INTO `fullerton`.`city` (id, `name`, `active`,`state_id`,`tier_id`) VALUES (1678,'Khandwa', b'1',1,5);
INSERT INTO `fullerton`.`city` (id, `name`, `active`,`state_id`,`tier_id`) VALUES (1725,'Kishangarh', b'1',1,5);
INSERT INTO `fullerton`.`city` (id, `name`, `active`,`state_id`,`tier_id`) VALUES (1750,'Kolhapur', b'1',1,4);
INSERT INTO `fullerton`.`city` (id, `name`, `active`,`state_id`,`tier_id`) VALUES (1751,'Kolkata', b'1',1,3);
INSERT INTO `fullerton`.`city` (id, `name`, `active`,`state_id`,`tier_id`) VALUES (1752,'kolkata', b'1',1,3);
INSERT INTO `fullerton`.`city` (id, `name`, `active`,`state_id`,`tier_id`) VALUES (1774,'Korba', b'1',1,5);
INSERT INTO `fullerton`.`city` (id, `name`, `active`,`state_id`,`tier_id`) VALUES (1832,'Kurnool', b'1',1,5);
INSERT INTO `fullerton`.`city` (id, `name`, `active`,`state_id`,`tier_id`) VALUES (1835,'Kurukshetra', b'1',1,5);
INSERT INTO `fullerton`.`city` (id, `name`, `active`,`state_id`,`tier_id`) VALUES (1873,'Latur', b'1',1,5);
INSERT INTO `fullerton`.`city` (id, `name`, `active`,`state_id`,`tier_id`) VALUES (1890,'Lucknow', b'1',1,3);
INSERT INTO `fullerton`.`city` (id, `name`, `active`,`state_id`,`tier_id`) VALUES (1891,'Ludhiana', b'1',1,4);
INSERT INTO `fullerton`.`city` (id, `name`, `active`,`state_id`,`tier_id`) VALUES (1917,'Madurai', b'1',1,4);
INSERT INTO `fullerton`.`city` (id, `name`, `active`,`state_id`,`tier_id`) VALUES (1991,'Mandi', b'1',1,5);
INSERT INTO `fullerton`.`city` (id, `name`, `active`,`state_id`,`tier_id`) VALUES (2003,'Mangalore', b'1',1,5);
INSERT INTO `fullerton`.`city` (id, `name`, `active`,`state_id`,`tier_id`) VALUES (2015,'Mansa', b'1',1,5);
INSERT INTO `fullerton`.`city` (id, `name`, `active`,`state_id`,`tier_id`) VALUES (2023,'Margao', b'1',1,5);
INSERT INTO `fullerton`.`city` (id, `name`, `active`,`state_id`,`tier_id`) VALUES (2034,'Mathura', b'1',1,5);
INSERT INTO `fullerton`.`city` (id, `name`, `active`,`state_id`,`tier_id`) VALUES (2035,'Mathura', b'1',1,5);
INSERT INTO `fullerton`.`city` (id, `name`, `active`,`state_id`,`tier_id`) VALUES (2047,'Meerut', b'1',1,4);
INSERT INTO `fullerton`.`city` (id, `name`, `active`,`state_id`,`tier_id`) VALUES (2083,'Moradabad', b'1',1,5);
INSERT INTO `fullerton`.`city` (id, `name`, `active`,`state_id`,`tier_id`) VALUES (2116,'Mumbai', b'1',1,1);
INSERT INTO `fullerton`.`city` (id, `name`, `active`,`state_id`,`tier_id`) VALUES (2134,'Mussoorie', b'1',1,5);
INSERT INTO `fullerton`.`city` (id, `name`, `active`,`state_id`,`tier_id`) VALUES (2139,'Mysore', b'1',1,4);
INSERT INTO `fullerton`.`city` (id, `name`, `active`,`state_id`,`tier_id`) VALUES (2144,'Nabha', b'1',1,5);
INSERT INTO `fullerton`.`city` (id, `name`, `active`,`state_id`,`tier_id`) VALUES (2157,'Nagpur', b'1',1,3);
INSERT INTO `fullerton`.`city` (id, `name`, `active`,`state_id`,`tier_id`) VALUES (2174,'Namakkal', b'1',1,5);
INSERT INTO `fullerton`.`city` (id, `name`, `active`,`state_id`,`tier_id`) VALUES (2182,'Nanded', b'1',1,5);
INSERT INTO `fullerton`.`city` (id, `name`, `active`,`state_id`,`tier_id`) VALUES (2214,'Nashik', b'1',1,4);
INSERT INTO `fullerton`.`city` (id, `name`, `active`,`state_id`,`tier_id`) VALUES (2225,'Navsari', b'1',1,5);
INSERT INTO `fullerton`.`city` (id, `name`, `active`,`state_id`,`tier_id`) VALUES (2238,'Neemuch', b'1',1,5);
INSERT INTO `fullerton`.`city` (id, `name`, `active`,`state_id`,`tier_id`) VALUES (2240,'Nellore', b'1',1,5);
INSERT INTO `fullerton`.`city` (id, `name`, `active`,`state_id`,`tier_id`) VALUES (2244,'New Delhi', b'1',1,1);
INSERT INTO `fullerton`.`city` (id, `name`, `active`,`state_id`,`tier_id`) VALUES (2245,'New Delhi', b'1',1,1);
INSERT INTO `fullerton`.`city` (id, `name`, `active`,`state_id`,`tier_id`) VALUES (2246,'New Delhi', b'1',1,1);
INSERT INTO `fullerton`.`city` (id, `name`, `active`,`state_id`,`tier_id`) VALUES (2247,'New Delhi', b'1',1,1);
INSERT INTO `fullerton`.`city` (id, `name`, `active`,`state_id`,`tier_id`) VALUES (2248,'New Delhi', b'1',1,1);
INSERT INTO `fullerton`.`city` (id, `name`, `active`,`state_id`,`tier_id`) VALUES (2249,'New Delhi', b'1',1,1);
INSERT INTO `fullerton`.`city` (id, `name`, `active`,`state_id`,`tier_id`) VALUES (2250,'New Delhi', b'1',1,1);
INSERT INTO `fullerton`.`city` (id, `name`, `active`,`state_id`,`tier_id`) VALUES (2251,'New Delhi', b'1',1,1);
INSERT INTO `fullerton`.`city` (id, `name`, `active`,`state_id`,`tier_id`) VALUES (2261,'Nizamabad', b'1',1,5);
INSERT INTO `fullerton`.`city` (id, `name`, `active`,`state_id`,`tier_id`) VALUES (2262,'Nizamabad', b'1',1,5);
INSERT INTO `fullerton`.`city` (id, `name`, `active`,`state_id`,`tier_id`) VALUES (2282,'Ongole', b'1',1,5);
INSERT INTO `fullerton`.`city` (id, `name`, `active`,`state_id`,`tier_id`) VALUES (2317,'Pali', b'1',1,5);
INSERT INTO `fullerton`.`city` (id, `name`, `active`,`state_id`,`tier_id`) VALUES (2318,'Pali', b'1',1,5);
INSERT INTO `fullerton`.`city` (id, `name`, `active`,`state_id`,`tier_id`) VALUES (2319,'Pali', b'1',1,5);
INSERT INTO `fullerton`.`city` (id, `name`, `active`,`state_id`,`tier_id`) VALUES (2337,'Panipat', b'1',1,5);
INSERT INTO `fullerton`.`city` (id, `name`, `active`,`state_id`,`tier_id`) VALUES (2338,'Panipat', b'1',1,5);
INSERT INTO `fullerton`.`city` (id, `name`, `active`,`state_id`,`tier_id`) VALUES (2343,'Panruti', b'1',1,5);
INSERT INTO `fullerton`.`city` (id, `name`, `active`,`state_id`,`tier_id`) VALUES (2377,'Patiala', b'1',1,4);
INSERT INTO `fullerton`.`city` (id, `name`, `active`,`state_id`,`tier_id`) VALUES (2378,'Patna', b'1',1,4);
INSERT INTO `fullerton`.`city` (id, `name`, `active`,`state_id`,`tier_id`) VALUES (2441,'Pondicherry', b'1',1,4);
INSERT INTO `fullerton`.`city` (id, `name`, `active`,`state_id`,`tier_id`) VALUES (2460,'Pudukottai', b'1',1,5);
INSERT INTO `fullerton`.`city` (id, `name`, `active`,`state_id`,`tier_id`) VALUES (2466,'Pune', b'1',1,2);
INSERT INTO `fullerton`.`city` (id, `name`, `active`,`state_id`,`tier_id`) VALUES (2495,'Raichur', b'1',1,5);
INSERT INTO `fullerton`.`city` (id, `name`, `active`,`state_id`,`tier_id`) VALUES (2497,'Raigarh', b'1',1,5);
INSERT INTO `fullerton`.`city` (id, `name`, `active`,`state_id`,`tier_id`) VALUES (2498,'Raigarh', b'1',1,5);
INSERT INTO `fullerton`.`city` (id, `name`, `active`,`state_id`,`tier_id`) VALUES (2501,'Raipur', b'1',1,3);
INSERT INTO `fullerton`.`city` (id, `name`, `active`,`state_id`,`tier_id`) VALUES (2515,'Rajkot', b'1',1,3);
INSERT INTO `fullerton`.`city` (id, `name`, `active`,`state_id`,`tier_id`) VALUES (2518,'Rajnandgaon', b'1',1,5);
INSERT INTO `fullerton`.`city` (id, `name`, `active`,`state_id`,`tier_id`) VALUES (2552,'Ranchi', b'1',1,5);
INSERT INTO `fullerton`.`city` (id, `name`, `active`,`state_id`,`tier_id`) VALUES (2559,'Ranibennur', b'1',1,5);
INSERT INTO `fullerton`.`city` (id, `name`, `active`,`state_id`,`tier_id`) VALUES (2570,'Ratlam', b'1',1,5);
INSERT INTO `fullerton`.`city` (id, `name`, `active`,`state_id`,`tier_id`) VALUES (2571,'Ratnagiri', b'1',1,5);
INSERT INTO `fullerton`.`city` (id, `name`, `active`,`state_id`,`tier_id`) VALUES (2581,'Rewa', b'1',1,5);
INSERT INTO `fullerton`.`city` (id, `name`, `active`,`state_id`,`tier_id`) VALUES (2582,'Rewari', b'1',1,5);
INSERT INTO `fullerton`.`city` (id, `name`, `active`,`state_id`,`tier_id`) VALUES (2584,'Rishikesh', b'1',1,5);
INSERT INTO `fullerton`.`city` (id, `name`, `active`,`state_id`,`tier_id`) VALUES (2588,'Rohtak', b'1',1,5);
INSERT INTO `fullerton`.`city` (id, `name`, `active`,`state_id`,`tier_id`) VALUES (2593,'Rudrapur', b'1',1,5);
INSERT INTO `fullerton`.`city` (id, `name`, `active`,`state_id`,`tier_id`) VALUES (2594,'Rudrapur', b'1',1,5);
INSERT INTO `fullerton`.`city` (id, `name`, `active`,`state_id`,`tier_id`) VALUES (2595,'Rudrapur', b'1',1,5);
INSERT INTO `fullerton`.`city` (id, `name`, `active`,`state_id`,`tier_id`) VALUES (2607,'Sagar', b'1',1,5);
INSERT INTO `fullerton`.`city` (id, `name`, `active`,`state_id`,`tier_id`) VALUES (2608,'Sagar', b'1',1,5);
INSERT INTO `fullerton`.`city` (id, `name`, `active`,`state_id`,`tier_id`) VALUES (2609,'Sagar', b'1',1,5);
INSERT INTO `fullerton`.`city` (id, `name`, `active`,`state_id`,`tier_id`) VALUES (2610,'Sagar', b'1',1,5);
INSERT INTO `fullerton`.`city` (id, `name`, `active`,`state_id`,`tier_id`) VALUES (2613,'Saharanpur', b'1',1,5);
INSERT INTO `fullerton`.`city` (id, `name`, `active`,`state_id`,`tier_id`) VALUES (2634,'Salem', b'1',1,4);
INSERT INTO `fullerton`.`city` (id, `name`, `active`,`state_id`,`tier_id`) VALUES (2655,'Sangli', b'1',1,5);
INSERT INTO `fullerton`.`city` (id, `name`, `active`,`state_id`,`tier_id`) VALUES (2686,'Satara', b'1',1,5);
INSERT INTO `fullerton`.`city` (id, `name`, `active`,`state_id`,`tier_id`) VALUES (2687,'Satna', b'1',1,5);
INSERT INTO `fullerton`.`city` (id, `name`, `active`,`state_id`,`tier_id`) VALUES (2709,'Seoni', b'1',1,5);
INSERT INTO `fullerton`.`city` (id, `name`, `active`,`state_id`,`tier_id`) VALUES (2744,'Shimla', b'1',1,5);
INSERT INTO `fullerton`.`city` (id, `name`, `active`,`state_id`,`tier_id`) VALUES (2745,'Shimoga', b'1',1,5);
INSERT INTO `fullerton`.`city` (id, `name`, `active`,`state_id`,`tier_id`) VALUES (2751,'Sholapur', b'1',1,4);
INSERT INTO `fullerton`.`city` (id, `name`, `active`,`state_id`,`tier_id`) VALUES (2770,'Sikar', b'1',1,5);
INSERT INTO `fullerton`.`city` (id, `name`, `active`,`state_id`,`tier_id`) VALUES (2794,'Sirsa', b'1',1,5);
INSERT INTO `fullerton`.`city` (id, `name`, `active`,`state_id`,`tier_id`) VALUES (2796,'Sirsi', b'1',1,5);
INSERT INTO `fullerton`.`city` (id, `name`, `active`,`state_id`,`tier_id`) VALUES (2797,'Sirsi', b'1',1,5);
INSERT INTO `fullerton`.`city` (id, `name`, `active`,`state_id`,`tier_id`) VALUES (2809,'Solan', b'1',1,5);
INSERT INTO `fullerton`.`city` (id, `name`, `active`,`state_id`,`tier_id`) VALUES (2810,'Solapur', b'1',1,4);
INSERT INTO `fullerton`.`city` (id, `name`, `active`,`state_id`,`tier_id`) VALUES (2823,'Srikakulam', b'1',1,5);
INSERT INTO `fullerton`.`city` (id, `name`, `active`,`state_id`,`tier_id`) VALUES (2824,'Srikakulam', b'1',1,5);
INSERT INTO `fullerton`.`city` (id, `name`, `active`,`state_id`,`tier_id`) VALUES (2854,'Surat', b'1',1,3);
INSERT INTO `fullerton`.`city` (id, `name`, `active`,`state_id`,`tier_id`) VALUES (2855,'Surendranagar', b'1',1,5);
INSERT INTO `fullerton`.`city` (id, `name`, `active`,`state_id`,`tier_id`) VALUES (2876,'Tanuku', b'1',1,5);
INSERT INTO `fullerton`.`city` (id, `name`, `active`,`state_id`,`tier_id`) VALUES (2897,'Thane', b'1',1,1);
INSERT INTO `fullerton`.`city` (id, `name`, `active`,`state_id`,`tier_id`) VALUES (2899,'Thanjavur', b'1',1,5);
INSERT INTO `fullerton`.`city` (id, `name`, `active`,`state_id`,`tier_id`) VALUES (2913,'Thrissur', b'1',1,5);
INSERT INTO `fullerton`.`city` (id, `name`, `active`,`state_id`,`tier_id`) VALUES (2930,'Tirunelveli', b'1',1,5);
INSERT INTO `fullerton`.`city` (id, `name`, `active`,`state_id`,`tier_id`) VALUES (2947,'Trivandrum', b'1',1,4);
INSERT INTO `fullerton`.`city` (id, `name`, `active`,`state_id`,`tier_id`) VALUES (2958,'Udaipur', b'1',1,3);
INSERT INTO `fullerton`.`city` (id, `name`, `active`,`state_id`,`tier_id`) VALUES (2969,'Ujjain', b'1',1,4);
INSERT INTO `fullerton`.`city` (id, `name`, `active`,`state_id`,`tier_id`) VALUES (3002,'Vadodara', b'1',1,3);
INSERT INTO `fullerton`.`city` (id, `name`, `active`,`state_id`,`tier_id`) VALUES (3010,'valsad', b'1',1,5);
INSERT INTO `fullerton`.`city` (id, `name`, `active`,`state_id`,`tier_id`) VALUES (3014,'Vapi', b'1',1,5);
INSERT INTO `fullerton`.`city` (id, `name`, `active`,`state_id`,`tier_id`) VALUES (3016,'Varanasi', b'1',1,5);
INSERT INTO `fullerton`.`city` (id, `name`, `active`,`state_id`,`tier_id`) VALUES (3026,'Vellore', b'1',1,5);
INSERT INTO `fullerton`.`city` (id, `name`, `active`,`state_id`,`tier_id`) VALUES (3036,'Vidisha', b'1',1,5);
INSERT INTO `fullerton`.`city` (id, `name`, `active`,`state_id`,`tier_id`) VALUES (3053,'Vizianagaram', b'1',1,5);
INSERT INTO `fullerton`.`city` (id, `name`, `active`,`state_id`,`tier_id`) VALUES (3060,'Wardha', b'1',1,5);
INSERT INTO `fullerton`.`city` (id, `name`, `active`,`state_id`,`tier_id`) VALUES (3097,'Mohali', b'1',1,3);
INSERT INTO `fullerton`.`city` (id, `name`, `active`,`state_id`,`tier_id`) VALUES (3098,'Panchkula', b'1',1,5);
INSERT INTO `fullerton`.`city` (id, `name`, `active`,`state_id`,`tier_id`) VALUES (3110,'Eluru', b'1',1,5);
INSERT INTO `fullerton`.`city` (id, `name`, `active`,`state_id`,`tier_id`) VALUES (3115,'Kakinada', b'1',1,5);
INSERT INTO `fullerton`.`city` (id, `name`, `active`,`state_id`,`tier_id`) VALUES (3116,'Machilipatnam', b'1',1,5);
INSERT INTO `fullerton`.`city` (id, `name`, `active`,`state_id`,`tier_id`) VALUES (3122,'Rajahmundry', b'1',1,5);
INSERT INTO `fullerton`.`city` (id, `name`, `active`,`state_id`,`tier_id`) VALUES (3125,'Secunderabad', b'1',1,2);
INSERT INTO `fullerton`.`city` (id, `name`, `active`,`state_id`,`tier_id`) VALUES (3127,'Tenali', b'1',1,5);
INSERT INTO `fullerton`.`city` (id, `name`, `active`,`state_id`,`tier_id`) VALUES (3147,'Valsad', b'1',1,5);
INSERT INTO `fullerton`.`city` (id, `name`, `active`,`state_id`,`tier_id`) VALUES (3161,'Dharwad', b'1',1,4);
INSERT INTO `fullerton`.`city` (id, `name`, `active`,`state_id`,`tier_id`) VALUES (3163,'Mangalore', b'1',1,5);
INSERT INTO `fullerton`.`city` (id, `name`, `active`,`state_id`,`tier_id`) VALUES (3166,'Sirsi', b'1',1,5);
INSERT INTO `fullerton`.`city` (id, `name`, `active`,`state_id`,`tier_id`) VALUES (3180,'Khandwa', b'1',1,5);
INSERT INTO `fullerton`.`city` (id, `name`, `active`,`state_id`,`tier_id`) VALUES (3181,'Mandsaur', b'1',1,5);
INSERT INTO `fullerton`.`city` (id, `name`, `active`,`state_id`,`tier_id`) VALUES (3186,'Nasik', b'1',1,4);
INSERT INTO `fullerton`.`city` (id, `name`, `active`,`state_id`,`tier_id`) VALUES (3202,'Bhubaneswar', b'1',1,4);
INSERT INTO `fullerton`.`city` (id, `name`, `active`,`state_id`,`tier_id`) VALUES (3206,'Chandigarh', b'1',1,3);
INSERT INTO `fullerton`.`city` (id, `name`, `active`,`state_id`,`tier_id`) VALUES (3210,'Sriganganagar', b'1',1,5);
INSERT INTO `fullerton`.`city` (id, `name`, `active`,`state_id`,`tier_id`) VALUES (3215,'Karaikudi', b'1',1,5);
INSERT INTO `fullerton`.`city` (id, `name`, `active`,`state_id`,`tier_id`) VALUES (3217,'Kumbakonam', b'1',1,5);
INSERT INTO `fullerton`.`city` (id, `name`, `active`,`state_id`,`tier_id`) VALUES (3220,'Pondicherry', b'1',1,4);
INSERT INTO `fullerton`.`city` (id, `name`, `active`,`state_id`,`tier_id`) VALUES (3227,'Tiruvannamalai', b'1',1,5);
INSERT INTO `fullerton`.`city` (id, `name`, `active`,`state_id`,`tier_id`) VALUES (3228,'Tuticorin', b'1',1,5);
INSERT INTO `fullerton`.`city` (id, `name`, `active`,`state_id`,`tier_id`) VALUES (3241,'malda', b'1',1,5);
INSERT INTO `fullerton`.`city` (id, `name`, `active`,`state_id`,`tier_id`) VALUES (3244,'Asansol', b'1',1,5);
INSERT INTO `fullerton`.`city` (id, `name`, `active`,`state_id`,`tier_id`) VALUES (3246,'Burdwan', b'1',1,5);
INSERT INTO `fullerton`.`city` (id, `name`, `active`,`state_id`,`tier_id`) VALUES (3249,'Kolkata', b'1',1,3);
INSERT INTO `fullerton`.`city` (id, `name`, `active`,`state_id`,`tier_id`) VALUES (3257,'Ranebennur', b'1',1,5);
INSERT INTO `fullerton`.`city` (id, `name`, `active`,`state_id`,`tier_id`) VALUES (3350,'Rourkela', b'1',1,5);
INSERT INTO `fullerton`.`city` (id, `name`, `active`,`state_id`,`tier_id`) VALUES (3379,'Jetpur', b'1',1,5);



INSERT INTO `fullerton`.`loan_eligibility` ( `min_amount`, `max_amount`, `active`,`qualification_id`,`tier_id`) VALUES (200000,200000, b'1',(select id from qualification where name = 'BDS'),1);
INSERT INTO `fullerton`.`loan_eligibility` ( `min_amount`, `max_amount`, `active`,`qualification_id`,`tier_id`) VALUES (200000,200000, b'1',(select id from qualification where name = 'BDS'),2);
INSERT INTO `fullerton`.`loan_eligibility` ( `min_amount`, `max_amount`, `active`,`qualification_id`,`tier_id`) VALUES (200000,200000, b'1',(select id from qualification where name = 'BDS'),3);
INSERT INTO `fullerton`.`loan_eligibility` ( `min_amount`, `max_amount`, `active`,`qualification_id`,`tier_id`) VALUES (200000,200000, b'1',(select id from qualification where name = 'BDS'),4);
INSERT INTO `fullerton`.`loan_eligibility` ( `min_amount`, `max_amount`, `active`,`qualification_id`,`tier_id`) VALUES (200000,200000, b'1',(select id from qualification where name = 'BDS'),5); 

INSERT INTO `fullerton`.`loan_eligibility` ( `min_amount`, `max_amount`, `active`,`qualification_id`,`tier_id`) VALUES (200000,300000, b'1',(select id from qualification where name = 'MBBS'),1);
INSERT INTO `fullerton`.`loan_eligibility` ( `min_amount`, `max_amount`, `active`,`qualification_id`,`tier_id`) VALUES (200000,300000, b'1',(select id from qualification where name = 'MBBS'),2);
INSERT INTO `fullerton`.`loan_eligibility` ( `min_amount`, `max_amount`, `active`,`qualification_id`,`tier_id`) VALUES (200000,300000, b'1',(select id from qualification where name = 'MBBS'),3);
INSERT INTO `fullerton`.`loan_eligibility` ( `min_amount`, `max_amount`, `active`,`qualification_id`,`tier_id`) VALUES (200000,300000, b'1',(select id from qualification where name = 'MBBS'),4);
INSERT INTO `fullerton`.`loan_eligibility` ( `min_amount`, `max_amount`, `active`,`qualification_id`,`tier_id`) VALUES (200000,300000, b'1',(select id from qualification where name = 'MBBS'),5); 

INSERT INTO `fullerton`.`loan_eligibility` ( `min_amount`, `max_amount`, `active`,`qualification_id`,`tier_id`) VALUES (200000,500000, b'1',(select id from qualification where name = 'MD'),1);
INSERT INTO `fullerton`.`loan_eligibility` ( `min_amount`, `max_amount`, `active`,`qualification_id`,`tier_id`) VALUES (200000,500000, b'1',(select id from qualification where name = 'MD'),2);
INSERT INTO `fullerton`.`loan_eligibility` ( `min_amount`, `max_amount`, `active`,`qualification_id`,`tier_id`) VALUES (200000,500000, b'1',(select id from qualification where name = 'MD'),3);
INSERT INTO `fullerton`.`loan_eligibility` ( `min_amount`, `max_amount`, `active`,`qualification_id`,`tier_id`) VALUES (200000,500000, b'1',(select id from qualification where name = 'MD'),4);
INSERT INTO `fullerton`.`loan_eligibility` ( `min_amount`, `max_amount`, `active`,`qualification_id`,`tier_id`) VALUES (200000,500000, b'1',(select id from qualification where name = 'MD'),5);

INSERT INTO `fullerton`.`loan_eligibility` ( `min_amount`, `max_amount`, `active`,`qualification_id`,`tier_id`) VALUES (200000,500000, b'1',(select id from qualification where name = 'MS'),1);
INSERT INTO `fullerton`.`loan_eligibility` ( `min_amount`, `max_amount`, `active`,`qualification_id`,`tier_id`) VALUES (200000,500000, b'1',(select id from qualification where name = 'MS'),2);
INSERT INTO `fullerton`.`loan_eligibility` ( `min_amount`, `max_amount`, `active`,`qualification_id`,`tier_id`) VALUES (200000,500000, b'1',(select id from qualification where name = 'MS'),3);
INSERT INTO `fullerton`.`loan_eligibility` ( `min_amount`, `max_amount`, `active`,`qualification_id`,`tier_id`) VALUES (200000,500000, b'1',(select id from qualification where name = 'MS'),4);
INSERT INTO `fullerton`.`loan_eligibility` ( `min_amount`, `max_amount`, `active`,`qualification_id`,`tier_id`) VALUES (200000,500000, b'1',(select id from qualification where name = 'MS'),5);

INSERT INTO `fullerton`.`loan_eligibility` ( `min_amount`, `max_amount`, `active`,`qualification_id`,`tier_id`) VALUES (200000,500000, b'1',(select id from qualification where name = 'DM'),1);
INSERT INTO `fullerton`.`loan_eligibility` ( `min_amount`, `max_amount`, `active`,`qualification_id`,`tier_id`) VALUES (200000,500000, b'1',(select id from qualification where name = 'DM'),2);
INSERT INTO `fullerton`.`loan_eligibility` ( `min_amount`, `max_amount`, `active`,`qualification_id`,`tier_id`) VALUES (200000,500000, b'1',(select id from qualification where name = 'DM'),3);
INSERT INTO `fullerton`.`loan_eligibility` ( `min_amount`, `max_amount`, `active`,`qualification_id`,`tier_id`) VALUES (200000,500000, b'1',(select id from qualification where name = 'DM'),4);
INSERT INTO `fullerton`.`loan_eligibility` ( `min_amount`, `max_amount`, `active`,`qualification_id`,`tier_id`) VALUES (200000,500000, b'1',(select id from qualification where name = 'DM'),5);

INSERT INTO `fullerton`.`loan_eligibility` ( `min_amount`, `max_amount`, `active`,`qualification_id`,`tier_id`) VALUES (200000,500000, b'1',(select id from qualification where name = 'DNB'),1);
INSERT INTO `fullerton`.`loan_eligibility` ( `min_amount`, `max_amount`, `active`,`qualification_id`,`tier_id`) VALUES (200000,500000, b'1',(select id from qualification where name = 'DNB'),2);
INSERT INTO `fullerton`.`loan_eligibility` ( `min_amount`, `max_amount`, `active`,`qualification_id`,`tier_id`) VALUES (200000,500000, b'1',(select id from qualification where name = 'DNB'),3);
INSERT INTO `fullerton`.`loan_eligibility` ( `min_amount`, `max_amount`, `active`,`qualification_id`,`tier_id`) VALUES (200000,500000, b'1',(select id from qualification where name = 'DNB'),4);
INSERT INTO `fullerton`.`loan_eligibility` ( `min_amount`, `max_amount`, `active`,`qualification_id`,`tier_id`) VALUES (200000,500000, b'1',(select id from qualification where name = 'DNB'),5);

INSERT INTO `fullerton`.`loan_eligibility` ( `min_amount`, `max_amount`, `active`,`qualification_id`,`tier_id`) VALUES (200000,500000, b'1',(select id from qualification where name = 'MCH'),1);
INSERT INTO `fullerton`.`loan_eligibility` ( `min_amount`, `max_amount`, `active`,`qualification_id`,`tier_id`) VALUES (200000,500000, b'1',(select id from qualification where name = 'MCH'),2);
INSERT INTO `fullerton`.`loan_eligibility` ( `min_amount`, `max_amount`, `active`,`qualification_id`,`tier_id`) VALUES (200000,500000, b'1',(select id from qualification where name = 'MCH'),3);
INSERT INTO `fullerton`.`loan_eligibility` ( `min_amount`, `max_amount`, `active`,`qualification_id`,`tier_id`) VALUES (200000,500000, b'1',(select id from qualification where name = 'MCH'),4);
INSERT INTO `fullerton`.`loan_eligibility` ( `min_amount`, `max_amount`, `active`,`qualification_id`,`tier_id`) VALUES (200000,500000, b'1',(select id from qualification where name = 'MCH'),5);

INSERT INTO `fullerton`.`loan_eligibility` ( `min_amount`, `max_amount`, `active`,`qualification_id`,`tier_id`) VALUES (200000,500000, b'1',(select id from qualification where name = 'FNB'),1);
INSERT INTO `fullerton`.`loan_eligibility` ( `min_amount`, `max_amount`, `active`,`qualification_id`,`tier_id`) VALUES (200000,500000, b'1',(select id from qualification where name = 'FNB'),2);
INSERT INTO `fullerton`.`loan_eligibility` ( `min_amount`, `max_amount`, `active`,`qualification_id`,`tier_id`) VALUES (200000,500000, b'1',(select id from qualification where name = 'FNB'),3);
INSERT INTO `fullerton`.`loan_eligibility` ( `min_amount`, `max_amount`, `active`,`qualification_id`,`tier_id`) VALUES (200000,500000, b'1',(select id from qualification where name = 'FNB'),4);
INSERT INTO `fullerton`.`loan_eligibility` ( `min_amount`, `max_amount`, `active`,`qualification_id`,`tier_id`) VALUES (200000,500000, b'1',(select id from qualification where name = 'FNB'),5);

